Pressure Sensor;Flow Sensor 1 ;Flow Sensor 2
0.45;0.87;1.28
0.46;0.86;1.27
0.47;0.85;1.27
0.46;0.86;1.31
0.46;0.87;1.28
0.46;0.87;1.29
0.46;0.87;1.26
0.46;0.86;1.28
0.46;0.87;1.28
0.47;0.85;1.28
0.46;0.87;1.28
0.46;0.86;1.28
0.45;0.87;1.28
0.47;0.86;1.29
0.46;0.86;1.30
0.47;0.87;1.29
0.46;0.87;1.28
0.46;0.86;1.28
0.46;0.86;1.29
0.45;0.86;1.24
0.46;0.87;1.28
0.47;0.86;1.28
0.47;0.87;1.28
0.47;0.87;1.29
0.47;0.86;1.28
0.45;0.88;1.27
0.47;0.87;1.28
0.47;0.86;1.30
0.47;0.87;1.28
0.46;0.87;1.29
0.46;0.86;1.27
0.47;0.86;1.30
0.46;0.86;1.28
0.46;0.86;1.28
0.46;0.87;1.27
0.47;0.87;1.27
0.46;0.86;1.27
0.47;0.86;1.29
0.46;0.87;1.28
0.46;0.87;1.29
0.46;0.87;1.28
0.46;0.87;1.28
0.46;0.87;1.28
0.48;0.87;1.28
0.47;0.87;1.28
0.47;0.87;1.27
0.47;0.87;1.28
0.46;0.85;1.29
0.47;0.86;1.27
0.47;0.87;1.27
0.46;0.86;1.29
0.47;0.85;1.29
0.47;0.87;1.29
0.47;0.87;1.28
0.46;0.86;1.26
0.47;0.86;1.27
0.46;0.86;1.28
0.46;0.85;1.28
0.47;0.87;1.28
0.47;0.87;1.24
0.47;0.86;1.28
0.46;0.87;1.28
0.48;0.87;1.29
0.47;0.82;1.28
0.47;0.86;1.28
0.47;0.87;1.28
0.47;0.86;1.28
0.46;0.86;1.31
0.47;0.84;1.28
0.47;0.87;1.27
0.46;0.87;1.28
0.47;0.86;1.29
0.46;0.87;1.26
0.47;0.86;1.27
0.47;0.86;1.28
0.46;0.87;1.27
0.46;0.87;1.28
0.46;0.87;1.27
0.46;0.86;1.28
0.47;0.86;1.29
0.45;0.86;1.28
0.47;0.86;1.29
0.46;0.87;1.27
0.47;0.87;1.27
0.46;0.86;1.28
0.47;0.84;1.28
0.46;0.85;1.28
0.47;0.87;1.29
0.46;0.87;1.28
0.46;0.87;1.28
0.47;0.86;1.29
0.46;0.87;1.28
0.46;0.87;1.28
0.46;0.87;1.28
0.47;0.86;1.28
0.47;0.88;1.28
0.46;0.87;1.28
0.46;0.87;1.29
0.46;0.86;1.29
0.48;0.86;1.28
0.46;0.87;1.26
0.46;0.87;1.28
0.47;0.86;1.28
0.47;0.87;1.28
0.47;0.85;1.29
0.46;0.87;1.29
0.47;0.89;1.28
0.47;0.87;1.27
0.46;0.86;1.29
0.46;0.86;1.28
0.48;0.87;1.28
0.46;0.87;1.28
0.46;0.87;1.28
0.47;0.87;1.26
0.47;0.87;1.27
0.46;0.87;1.28
0.46;0.87;1.26
0.46;0.86;1.28
0.47;0.87;1.29
0.46;0.87;1.29
0.47;0.86;1.29
0.46;0.86;1.28
0.46;0.86;1.28
0.47;0.87;1.28
0.47;0.87;1.28
0.47;0.86;1.28
0.46;0.87;1.27
0.46;0.87;1.27
0.47;0.87;1.29
0.48;0.86;1.29
0.47;0.87;1.27
0.47;0.87;1.29
0.46;0.87;1.29
0.47;0.88;1.28
0.46;0.87;1.28
0.46;0.86;1.28
0.46;0.87;1.31
0.47;0.84;1.28
0.46;0.87;1.28
0.47;0.87;1.27
0.47;0.86;1.28
0.47;0.87;1.29
0.47;0.86;1.29
0.47;0.87;1.29
0.47;0.87;1.29
0.47;0.82;1.30
0.47;0.86;1.30
0.46;0.88;1.30
0.46;0.87;1.31
0.46;0.85;1.29
0.47;0.87;1.30
0.47;0.87;1.30
0.47;0.87;1.29
0.46;0.81;1.31
0.47;0.87;1.34
0.47;0.87;1.31
0.47;0.87;1.31
0.46;0.87;1.31
0.47;0.86;1.30
0.47;0.87;1.32
0.47;0.86;1.31
0.46;0.86;1.32
0.47;0.86;1.34
0.47;0.87;1.32
0.48;0.86;1.32
0.47;0.87;1.32
0.47;0.87;1.32
0.47;0.86;1.33
0.47;0.86;1.32
0.48;0.87;1.32
0.47;0.86;1.32
0.48;0.86;1.32
0.48;0.86;1.33
0.48;0.87;1.33
0.48;0.87;1.32
0.50;0.85;1.33
0.50;0.87;1.32
0.50;0.87;1.33
0.51;0.87;1.33
0.52;0.86;1.32
0.53;0.87;1.32
0.55;0.86;1.33
0.56;0.86;1.32
0.58;0.86;1.33
0.58;0.85;1.33
0.59;0.87;1.32
0.59;0.86;1.34
0.60;0.87;1.34
0.60;0.86;1.33
0.61;0.87;1.33
0.61;0.86;1.33
0.60;0.86;1.32
0.62;0.87;1.33
0.60;0.87;1.33
0.62;0.87;1.33
0.61;0.87;1.34
0.62;0.88;1.33
0.62;0.86;1.33
0.62;0.87;1.43
0.64;0.87;1.56
0.61;0.87;1.67
0.60;0.86;1.80
0.63;0.86;1.91
0.64;0.86;2.00
0.63;0.87;2.09
0.64;0.87;2.17
0.62;0.86;2.26
0.64;0.87;2.35
0.63;0.87;2.44
0.63;0.86;2.52
0.62;0.85;2.60
0.64;0.87;2.66
0.64;0.87;2.72
0.63;0.87;2.76
0.64;0.87;2.84
0.67;0.86;2.90
0.66;0.87;2.96
0.65;0.86;3.03
0.66;0.86;3.12
0.67;0.87;3.14
0.65;0.86;3.19
0.67;0.87;3.23
0.68;0.87;3.28
0.67;0.88;3.33
0.69;0.86;3.37
0.69;0.87;3.42
0.69;0.86;3.47
0.72;0.87;3.51
0.73;0.86;3.54
0.72;0.86;3.58
0.72;0.87;3.61
0.74;0.88;3.64
0.74;0.86;3.69
0.75;0.85;3.72
0.75;0.87;3.75
0.75;0.85;3.79
0.74;0.86;3.82
0.74;0.86;3.83
0.74;0.86;3.86
0.75;0.90;3.89
0.74;0.85;3.93
0.75;0.87;3.98
0.74;0.87;3.98
0.74;0.86;4.01
0.74;0.87;4.03
0.74;0.86;4.04
0.73;0.87;4.07
0.73;0.87;4.09
0.74;0.87;4.11
0.73;0.87;4.13
0.73;0.86;4.16
0.73;0.86;4.18
0.73;0.87;4.19
0.73;0.86;4.20
0.72;1.00;4.22
0.72;1.13;4.23
0.72;1.26;4.13
0.73;1.37;4.03
0.73;1.50;3.93
0.72;1.58;3.84
0.73;1.68;3.77
0.72;1.77;3.69
0.73;1.88;3.61
0.72;1.96;3.54
0.73;2.04;3.46
0.72;2.12;3.41
0.72;2.20;3.34
0.71;2.27;3.29
0.72;2.35;3.24
0.72;2.43;3.18
0.72;2.51;3.12
0.72;2.55;3.07
0.72;2.62;3.03
0.72;2.67;2.98
0.72;2.76;2.93
0.72;2.80;2.88
0.72;2.86;2.84
0.72;2.91;2.80
0.72;2.97;2.77
0.71;3.02;2.73
0.72;3.06;2.69
0.72;3.12;2.66
0.72;3.15;2.59
0.72;3.21;2.59
0.72;3.26;2.57
0.72;3.32;2.54
0.72;3.27;2.50
0.71;3.39;2.46
0.71;3.43;2.44
0.71;3.47;2.44
0.71;3.50;2.39
0.71;3.54;2.37
0.71;3.57;2.34
0.71;3.61;2.32
0.70;3.64;2.31
0.71;3.66;2.26
0.72;3.70;2.26
0.71;3.74;2.23
0.72;3.76;2.20
0.71;3.79;2.19
0.71;3.82;2.17
0.72;3.84;2.16
0.71;3.87;2.14
0.71;3.90;2.13
0.71;3.92;2.11
0.71;3.94;2.09
0.71;3.97;2.07
0.71;3.98;2.05
0.70;4.02;2.04
0.71;4.03;2.03
0.71;4.06;2.02
0.71;4.02;1.99
0.71;3.89;1.98
0.71;3.76;1.99
0.71;3.65;1.96
0.71;3.53;1.94
0.71;3.44;1.93
0.71;3.35;1.91
0.70;3.25;1.88
0.70;3.17;1.88
0.70;3.08;1.87
0.70;3.01;1.85
0.71;2.93;1.83
0.71;2.87;1.83
0.71;2.80;1.81
0.71;2.73;1.80
0.70;2.66;1.80
0.70;2.61;1.78
0.70;2.57;1.76
0.70;2.51;1.76
0.72;2.45;1.74
0.71;2.41;1.72
0.70;2.35;1.72
0.70;2.29;1.71
0.70;2.26;1.72
0.70;2.22;1.72
0.69;2.18;1.69
0.70;2.12;1.67
0.70;2.10;1.66
0.70;2.06;1.66
0.70;2.03;1.65
0.70;2.01;1.68
0.71;1.96;1.64
0.70;1.93;1.62
0.70;1.89;1.62
0.70;1.89;1.61
0.70;1.83;1.61
0.70;1.80;1.60
0.70;1.78;1.59
0.71;1.78;1.58
0.71;1.73;1.58
0.71;1.71;1.59
0.71;1.68;1.58
0.72;1.65;1.56
0.72;1.63;1.59
0.73;1.60;1.57
0.74;1.58;1.54
0.74;1.56;1.55
0.75;1.54;1.55
0.76;1.52;1.52
0.77;1.50;1.54
0.78;1.49;1.53
0.79;1.47;1.52
0.80;1.45;1.52
0.83;1.43;1.51
0.85;1.42;1.52
0.86;1.40;1.51
0.87;1.39;1.50
0.90;1.38;1.51
0.92;1.35;1.50
0.94;1.34;1.48
0.96;1.33;1.49
0.98;1.31;1.50
1.02;1.30;1.48
1.04;1.30;1.47
1.06;1.28;1.48
1.05;1.24;1.47
1.08;1.26;1.47
1.10;1.25;1.46
1.13;1.23;1.46
1.14;1.24;1.45
1.15;1.21;1.45
1.17;1.18;1.45
1.17;1.19;1.45
1.19;1.13;1.44
1.20;1.17;1.44
1.22;1.17;1.43
1.22;1.15;1.43
1.22;1.08;1.43
1.22;1.13;1.43
1.24;1.12;1.43
1.25;1.13;1.43
1.26;1.12;1.43
1.26;1.11;1.43
1.29;1.09;1.42
1.27;1.10;1.39
1.29;1.08;1.41
1.29;1.07;1.41
1.31;1.07;1.41
1.32;1.07;1.40
1.32;1.06;1.40
1.33;1.07;1.40
1.33;1.04;1.40
1.33;1.04;1.40
1.34;1.04;1.39
1.35;1.04;1.39
1.34;1.03;1.39
1.36;1.04;1.38
1.36;1.01;1.39
1.36;1.01;1.39
1.37;1.01;1.38
1.35;1.02;1.38
1.37;0.99;1.38
1.37;1.00;1.39
1.38;1.00;1.38
1.39;0.98;1.38
1.39;0.97;1.38
1.39;0.98;1.37
1.39;0.97;1.33
1.39;0.98;1.38
1.39;0.97;1.37
1.40;0.97;1.36
1.41;0.96;1.36
1.40;0.99;1.37
1.41;0.94;1.36
1.41;0.95;1.37
1.41;0.95;1.37
1.41;0.95;1.36
1.42;0.94;1.37
1.42;0.94;1.36
1.42;0.94;1.37
1.43;0.94;1.36
1.41;0.92;1.35
1.43;0.93;1.35
1.42;0.92;1.34
1.42;0.93;1.35
1.43;0.93;1.31
1.43;0.91;1.34
1.43;0.93;1.33
1.43;0.92;1.32
1.44;0.91;1.33
1.43;0.91;1.33
1.43;0.91;1.33
1.44;0.91;1.33
1.43;0.91;1.31
1.43;0.91;1.33
1.44;0.92;1.31
1.43;0.90;1.32
1.43;0.91;1.32
1.45;0.90;1.33
1.43;0.92;1.31
1.44;0.89;1.31
1.44;0.89;1.32
1.44;0.89;1.34
1.44;0.87;1.30
1.44;0.90;1.31
1.44;0.88;1.31
1.43;0.89;1.31
1.44;0.90;1.31
1.44;0.89;1.31
1.43;0.89;1.30
1.43;0.88;1.31
1.44;0.88;1.30
1.43;0.87;1.30
1.44;0.86;1.30
1.44;0.88;1.30
1.43;0.88;1.30
1.43;0.88;1.30
1.43;0.87;1.30
1.44;0.87;1.30
1.43;0.88;1.30
1.43;0.87;1.30
1.43;0.89;1.28
1.43;0.88;1.30
1.41;0.87;1.30
1.38;0.87;1.29
1.37;0.87;1.30
1.36;0.88;1.29
1.35;0.87;1.29
1.34;0.87;1.30
1.33;0.87;1.28
1.31;0.89;1.29
1.31;0.87;1.29
1.30;0.87;1.29
1.28;0.87;1.29
1.26;0.87;1.30
1.26;0.87;1.30
1.24;0.87;1.29
1.23;0.87;1.30
1.21;0.85;1.30
1.20;0.87;1.27
1.19;0.88;1.29
1.18;0.87;1.29
1.17;0.87;1.29
1.17;0.86;1.29
1.15;0.87;1.30
1.13;0.87;1.27
1.11;0.87;1.28
1.11;0.88;1.29
1.11;0.87;1.30
1.09;0.87;1.30
1.08;0.87;1.30
1.07;0.86;1.29
1.06;0.87;1.27
1.06;0.87;1.28
1.05;0.86;1.30
1.03;0.87;1.30
1.02;0.86;1.30
1.01;0.87;1.30
1.01;0.87;1.27
1.00;0.87;1.29
0.99;0.87;1.29
0.98;0.87;1.28
0.97;0.86;1.23
0.96;0.87;1.29
0.95;0.87;1.29
0.96;0.89;1.29
0.95;0.87;1.28
0.94;0.87;1.29
0.92;0.88;1.28
0.93;0.87;1.29
0.92;0.87;1.29
0.91;0.86;1.29
0.90;0.87;1.28
0.89;0.87;1.28
0.88;0.87;1.28
0.88;0.87;1.27
0.89;0.87;1.28
0.88;0.86;1.29
0.87;0.86;1.28
0.87;0.87;1.30
0.86;0.87;1.28
0.86;0.87;1.28
0.85;0.87;1.28
0.85;0.87;1.28
0.84;0.87;1.29
0.84;0.85;1.28
0.84;0.87;1.29
0.83;0.87;1.28
0.83;0.87;1.28
0.82;0.87;1.28
0.82;0.86;1.29
0.82;1.00;1.27
0.82;1.13;1.28
0.81;1.25;1.30
0.80;1.37;1.29
0.80;1.49;1.30
0.80;1.59;1.29
0.80;1.69;1.29
0.80;1.78;1.26
0.80;1.88;1.27
0.80;1.98;1.28
0.79;2.03;1.27
0.80;2.13;1.27
0.79;2.20;1.29
0.79;2.27;1.27
0.79;2.36;1.28
0.79;2.42;1.29
0.80;2.49;1.25
0.79;2.57;1.29
0.79;2.62;1.28
0.78;2.69;1.29
0.78;2.75;1.27
0.79;2.83;1.28
0.78;2.86;1.28
0.79;2.92;1.29
0.78;2.97;1.29
0.78;3.02;1.32
0.77;3.07;1.29
0.78;3.12;1.29
0.78;3.17;1.28
0.78;3.22;1.28
0.79;3.26;1.29
0.77;3.31;1.28
0.78;3.35;1.27
0.78;3.39;1.30
0.79;3.43;1.29
0.78;3.47;1.28
0.78;3.51;1.28
0.78;3.54;1.28
0.77;3.58;1.29
0.78;3.61;1.28
0.77;3.64;1.28
0.77;3.68;1.27
0.78;3.70;1.28
0.77;3.73;1.30
0.77;3.75;1.28
0.77;3.79;1.28
0.77;3.83;1.27
0.77;3.85;1.29
0.78;3.88;1.28
0.77;3.90;1.28
0.77;3.92;1.28
0.78;3.95;1.28
0.77;4.00;1.28
0.77;4.01;1.29
0.76;4.02;1.30
0.77;4.05;1.26
0.77;4.07;1.28
0.77;4.09;1.27
0.77;4.05;1.27
0.77;4.02;1.28
0.77;4.01;1.29
0.77;3.96;1.28
0.77;3.96;1.29
0.77;3.91;1.29
0.76;3.91;1.30
0.76;3.87;1.30
0.76;3.85;1.29
0.76;3.82;1.30
0.76;3.85;1.31
0.77;3.79;1.30
0.77;3.78;1.31
0.78;3.77;1.31
0.78;3.74;1.31
0.79;3.72;1.31
0.80;3.70;1.33
0.80;3.69;1.30
0.83;3.68;1.31
0.84;3.67;1.31
0.86;3.66;1.32
0.88;3.65;1.29
0.91;3.64;1.31
0.94;3.63;1.30
0.98;3.61;1.31
1.01;3.60;1.31
1.04;3.59;1.32
1.08;3.58;1.31
1.10;3.58;1.32
1.11;3.56;1.32
1.16;3.57;1.33
1.18;3.55;1.31
1.22;3.54;1.32
1.22;3.54;1.32
1.24;3.53;1.31
1.28;3.52;1.33
1.30;3.52;1.33
1.32;3.52;1.33
1.32;3.50;1.33
1.33;3.50;1.32
1.36;3.49;1.34
1.36;3.49;1.33
1.40;3.48;1.34
1.40;3.48;1.32
1.41;3.47;1.36
1.43;3.48;1.33
1.43;3.47;1.33
1.44;3.47;1.32
1.43;3.45;1.33
1.45;3.46;1.33
1.48;3.45;1.34
1.47;3.45;1.33
1.47;3.45;1.34
1.47;3.46;1.34
1.47;3.44;1.33
1.48;3.42;1.33
1.50;3.43;1.32
1.50;3.45;1.33
1.50;3.42;1.33
1.51;3.42;1.40
1.52;3.43;1.49
1.52;3.45;1.59
1.54;3.42;1.70
1.53;3.41;1.74
1.52;3.41;1.79
1.53;3.41;1.85
1.54;3.41;1.91
1.55;3.41;1.97
1.54;3.41;2.04
1.55;3.41;2.10
1.56;3.40;2.15
1.57;3.40;2.20
1.56;3.39;2.24
1.56;3.39;2.29
1.57;3.39;2.33
1.58;3.39;2.39
1.58;3.39;2.42
1.58;3.40;2.48
1.58;3.39;2.51
1.59;3.39;2.54
1.59;3.37;2.58
1.61;3.38;2.61
1.60;3.38;2.63
1.60;3.38;2.67
1.61;3.41;2.71
1.59;3.38;2.74
1.61;3.39;2.79
1.60;3.38;2.80
1.61;3.37;2.82
1.61;3.38;2.84
1.62;3.38;2.87
1.61;3.38;2.89
1.60;3.33;2.92
1.61;3.38;2.97
1.61;3.38;2.98
1.61;3.37;3.00
1.61;3.36;3.02
1.62;3.37;3.04
1.61;3.37;3.05
1.62;3.37;3.07
1.61;3.37;3.08
1.61;3.37;3.12
1.61;3.37;3.13
1.60;3.37;3.16
1.61;3.37;3.17
1.61;3.36;3.18
1.61;3.36;3.18
1.60;3.37;3.20
1.59;3.37;3.22
1.58;3.37;3.24
1.55;3.37;3.25
1.54;3.38;3.28
1.51;3.36;3.28
1.50;3.36;3.29
1.49;3.35;3.30
1.46;3.26;3.30
1.46;3.16;3.31
1.46;3.09;3.24
1.43;3.01;3.18
1.40;2.95;3.11
1.41;2.86;3.08
1.40;2.79;3.02
1.41;2.73;2.95
1.38;2.66;2.90
1.36;2.61;2.84
1.34;2.56;2.81
1.33;2.50;2.76
1.31;2.45;2.73
1.31;2.40;2.69
1.29;2.35;2.66
1.28;2.31;2.60
1.26;2.26;2.58
1.26;2.22;2.54
1.25;2.17;2.51
1.23;2.14;2.46
1.22;2.09;2.44
1.21;2.06;2.41
1.20;2.03;2.39
1.17;1.99;2.36
1.18;1.96;2.33
1.17;1.92;2.30
1.15;1.89;2.28
1.14;1.87;2.25
1.13;1.84;2.23
1.12;1.81;2.21
1.11;1.78;2.19
1.10;1.74;2.17
1.09;1.73;2.17
1.08;1.71;2.12
1.08;1.68;2.11
1.06;1.66;2.09
1.05;1.63;2.08
1.05;1.61;2.08
1.03;1.58;2.04
1.02;1.54;2.03
1.02;1.54;2.01
1.01;1.52;1.99
1.00;1.51;1.98
0.99;1.48;1.96
0.98;1.47;1.95
0.97;1.46;1.95
0.97;1.44;1.93
0.96;1.42;1.93
0.95;1.40;1.90
0.94;1.39;1.89
0.94;1.38;1.89
0.93;1.36;1.87
0.92;1.34;1.87
0.92;1.34;1.86
0.92;1.30;1.85
0.91;1.31;1.81
0.90;1.30;1.82
0.89;1.30;1.81
0.89;1.27;1.80
0.88;1.26;1.79
0.87;1.25;1.78
0.87;1.24;1.77
0.87;1.21;1.75
0.86;1.22;1.74
0.85;1.21;1.73
0.85;1.19;1.72
0.85;1.19;1.72
0.85;1.18;1.71
0.84;1.17;1.67
0.84;1.15;1.71
0.83;1.12;1.68
0.84;1.14;1.67
0.83;1.13;1.66
0.83;1.12;1.66
0.81;1.11;1.64
0.82;1.11;1.63
0.81;1.11;1.62
0.81;1.09;1.62
0.81;1.09;1.61
0.80;1.09;1.61
0.80;1.08;1.60
0.80;1.08;1.60
0.79;1.07;1.58
0.80;1.07;1.58
0.80;1.05;1.58
0.79;1.06;1.56
0.79;1.04;1.58
0.79;1.03;1.56
0.77;1.03;1.55
0.79;1.03;1.56
0.79;1.02;1.54
0.79;1.01;1.55
0.79;1.01;1.54
0.78;0.99;1.54
0.79;1.01;1.53
0.78;1.00;1.52
0.78;0.99;1.53
0.78;1.02;1.52
0.79;0.98;1.51
0.78;0.98;1.50
0.78;0.98;1.51
0.77;0.97;1.50
0.78;0.97;1.49
0.78;0.96;1.50
0.78;0.97;1.51
0.78;0.96;1.50
0.78;0.96;1.50
0.78;0.95;1.47
0.78;0.95;1.48
0.78;0.95;1.47
0.78;0.95;1.48
0.78;0.94;1.48
0.77;0.94;1.47
0.78;0.94;1.46
0.78;0.94;1.49
0.77;0.92;1.46
0.77;0.91;1.47
0.78;0.93;1.45
0.78;0.93;1.45
0.77;0.92;1.44
0.77;0.92;1.43
0.77;0.92;1.44
0.77;0.92;1.44
0.77;0.91;1.43
0.77;0.95;1.42
0.78;0.91;1.40
0.78;0.91;1.41
0.77;0.91;1.42
0.77;0.91;1.40
0.77;0.91;1.40
0.78;0.90;1.39
0.77;0.90;1.38
0.76;0.90;1.42
0.77;0.89;1.38
0.77;0.90;1.37
0.77;0.89;1.37
0.78;0.89;1.37
0.77;0.90;1.36
0.77;0.90;1.36
0.77;0.91;1.35
0.77;0.89;1.35
0.77;0.89;1.36
0.78;0.89;1.35
0.78;0.90;1.35
0.78;0.89;1.34
0.79;0.89;1.32
0.79;0.88;1.36
0.79;0.85;1.33
0.82;0.88;1.31
0.81;0.89;1.34
0.82;0.89;1.33
0.84;0.90;1.33
0.85;0.87;1.32
0.86;0.88;1.33
0.88;0.87;1.32
0.90;0.88;1.32
0.93;0.87;1.32
0.95;0.87;1.32
0.98;0.89;1.31
1.00;0.87;1.31
1.04;0.87;1.31
1.09;0.87;1.31
1.10;0.87;1.32
1.14;0.88;1.30
1.16;0.86;1.30
1.20;0.87;1.31
1.25;0.87;1.31
1.26;0.87;1.31
1.28;0.87;1.31
1.31;0.87;1.31
1.33;0.86;1.30
1.36;0.87;1.31
1.35;0.97;1.30
1.37;1.11;1.29
1.39;1.22;1.30
1.41;1.35;1.30
1.42;1.46;1.30
1.42;1.57;1.30
1.47;1.67;1.30
1.46;1.76;1.29
1.47;1.86;1.29
1.45;1.93;1.30
1.46;2.03;1.30
1.47;2.11;1.30
1.50;2.19;1.30
1.50;2.26;1.29
1.51;2.34;1.32
1.50;2.41;1.29
1.51;2.48;1.30
1.53;2.55;1.29
1.52;2.61;1.29
1.54;2.68;1.27
1.55;2.74;1.29
1.53;2.82;1.29
1.55;2.85;1.29
1.55;2.90;1.29
1.55;2.96;1.29
1.56;3.00;1.30
1.55;3.06;1.28
1.56;3.11;1.28
1.56;3.16;1.29
1.55;3.19;1.28
1.58;3.26;1.27
1.57;3.29;1.28
1.57;3.34;1.30
1.58;3.38;1.29
1.58;3.43;1.29
1.59;3.47;1.28
1.59;3.50;1.28
1.59;3.54;1.27
1.59;3.57;1.29
1.59;3.62;1.28
1.58;3.64;1.30
1.60;3.68;1.28
1.60;3.71;1.28
1.60;3.74;1.29
1.59;3.76;1.29
1.60;3.80;1.29
1.60;3.82;1.29
1.61;3.85;1.28
1.60;3.88;1.28
1.60;3.90;1.28
1.60;3.93;1.28
1.60;3.95;1.28
1.60;3.99;1.28
1.60;4.00;1.29
1.60;4.02;1.29
1.59;4.03;1.27
1.60;4.05;1.28
1.60;4.08;1.28
1.59;4.06;1.28
1.60;4.07;1.27
1.60;4.09;1.33
1.60;4.06;1.28
1.60;4.05;1.28
1.59;4.04;1.28
1.59;4.05;1.29
1.60;4.03;1.29
1.60;4.03;1.29
1.59;4.02;1.28
1.56;4.02;1.27
1.58;4.02;1.28
1.54;4.01;1.28
1.53;3.99;1.28
1.52;4.00;1.27
1.51;3.99;1.28
1.46;4.00;1.27
1.48;4.00;1.29
1.46;3.99;1.28
1.44;3.99;1.28
1.43;3.98;1.31
1.44;3.98;1.29
1.40;3.97;1.29
1.38;3.97;1.29
1.38;3.97;1.28
1.36;3.97;1.30
1.35;3.97;1.29
1.32;3.95;1.28
1.31;3.96;1.28
1.32;3.95;1.27
1.30;3.95;1.29
1.28;3.96;1.30
1.26;3.95;1.28
1.25;3.97;1.28
1.25;3.95;1.28
1.23;3.96;1.28
1.22;3.95;1.28
1.21;3.93;1.29
1.19;3.94;1.27
1.18;3.94;1.27
1.17;3.95;1.29
1.17;3.95;1.28
1.16;3.96;1.28
1.13;3.94;1.30
1.13;3.93;1.29
1.13;3.92;1.28
1.11;3.94;1.28
1.10;3.94;1.29
1.09;3.94;1.29
1.07;3.94;1.28
1.07;3.94;1.26
1.05;3.94;1.28
1.05;3.94;1.28
1.05;3.93;1.28
1.04;3.93;1.29
1.03;3.93;1.30
1.01;3.92;1.27
1.00;3.93;1.28
1.01;3.93;1.28
0.99;3.93;1.30
0.99;3.94;1.29
0.97;3.93;1.29
0.97;3.92;1.30
0.95;3.92;1.30
0.95;3.92;1.29
0.95;3.92;1.30
0.95;3.93;1.30
0.93;3.94;1.31
0.93;3.91;1.30
0.92;3.92;1.32
0.90;3.93;1.31
0.90;3.92;1.33
0.90;3.91;1.32
0.89;3.93;1.31
0.89;3.93;1.32
0.88;3.93;1.31
0.87;3.93;1.33
0.87;3.91;1.32
0.87;3.92;1.33
0.87;3.92;1.29
0.86;3.92;1.33
0.86;3.93;1.33
0.86;3.93;1.33
0.85;3.92;1.34
0.84;3.93;1.33
0.84;3.92;1.34
0.83;3.92;1.34
0.83;3.92;1.33
0.83;3.92;1.33
0.82;3.92;1.34
0.82;3.93;1.34
0.81;3.93;1.35
0.81;3.92;1.37
0.81;3.91;1.34
0.81;3.92;1.34
0.80;3.95;1.35
0.80;3.93;1.35
0.80;3.92;1.31
0.80;3.94;1.35
0.80;3.91;1.34
0.80;3.92;1.36
0.79;3.90;1.35
0.80;3.92;1.36
0.79;3.96;1.35
0.78;3.93;1.35
0.79;3.93;1.34
0.79;3.92;1.35
0.78;3.92;1.38
0.79;3.92;1.36
0.78;3.91;1.36
0.78;3.91;1.38
0.79;3.93;1.36
0.79;3.92;1.36
0.78;3.92;1.36
0.78;3.92;1.36
0.78;3.80;1.31
0.78;3.69;1.37
0.77;3.58;1.40
0.78;3.47;1.54
0.78;3.38;1.69
0.78;3.28;1.80
0.78;3.19;1.91
0.79;3.13;1.99
0.78;3.03;2.09
0.78;2.96;2.22
0.78;2.87;2.33
0.78;2.83;2.41
0.77;2.76;2.52
0.78;2.69;2.61
0.78;2.64;2.66
0.78;2.60;2.75
0.77;2.52;2.82
0.77;2.47;2.91
0.78;2.41;2.96
0.77;2.35;3.04
0.78;2.32;3.11
0.77;2.28;3.17
0.78;2.22;3.22
0.78;2.20;3.27
0.78;2.15;3.32
0.78;2.11;3.40
0.77;2.08;3.44
0.76;2.04;3.50
0.77;2.00;3.54
0.77;1.97;3.61
0.77;1.95;3.64
0.77;1.91;3.69
0.77;1.88;3.72
0.76;1.84;3.78
0.77;1.81;3.82
0.76;1.79;3.86
0.77;1.76;3.91
0.76;1.74;3.93
0.77;1.72;3.97
0.77;1.69;4.01
0.76;1.66;4.03
0.76;1.64;4.07
0.77;1.61;4.11
0.76;1.59;4.14
0.76;1.58;4.17
0.77;1.55;4.21
0.76;1.54;4.22
0.77;1.52;4.25
0.76;1.50;4.27
0.76;1.48;4.28
0.76;1.45;4.33
0.76;1.44;4.35
0.76;1.43;4.38
0.76;1.41;4.40
0.76;1.39;4.46
0.76;1.37;4.44
0.76;1.37;4.46
0.76;1.35;4.48
0.76;1.34;4.50
0.76;1.33;4.52
0.75;1.30;4.41
0.76;1.30;4.32
0.76;1.29;4.22
0.76;1.28;4.11
0.76;1.27;4.03
0.75;1.25;3.94
0.76;1.24;3.86
0.76;1.24;3.77
0.76;1.22;3.70
0.76;1.21;3.63
0.75;1.20;3.56
0.75;1.18;3.50
0.76;1.18;3.45
0.76;1.15;3.37
0.75;1.17;3.32
0.76;1.15;3.26
0.76;1.14;3.23
0.76;1.16;3.16
0.75;1.12;3.11
0.75;1.12;3.06
0.75;1.12;3.02
0.75;1.10;2.98
0.76;1.10;2.93
0.76;1.09;2.89
0.75;1.09;2.84
0.76;1.08;2.83
0.75;1.08;2.78
0.76;1.09;2.74
0.76;1.07;2.71
0.76;1.06;2.68
0.76;1.06;2.61
0.77;1.04;2.61
0.76;1.05;2.57
0.78;1.03;2.53
0.80;1.03;2.53
0.82;1.03;2.49
0.83;1.02;2.47
0.84;1.02;2.45
0.87;1.01;2.42
0.89;1.00;2.41
0.92;1.00;2.40
0.93;0.99;2.36
0.97;0.99;2.33
1.00;0.99;2.32
1.03;0.99;2.28
1.05;0.98;2.27
1.08;0.98;2.25
1.10;0.98;2.23
1.13;0.97;2.20
1.17;0.96;2.19
1.17;0.96;2.18
1.21;0.96;2.18
1.22;0.95;2.16
1.25;0.95;2.14
1.25;0.95;2.12
1.31;0.94;2.10
1.29;0.95;2.08
1.29;0.94;2.07
1.33;0.94;2.05
1.35;0.92;2.03
1.35;0.94;2.02
1.40;0.93;2.00
1.43;0.94;1.98
1.41;0.90;1.96
1.43;0.92;1.95
1.43;0.93;1.94
1.45;0.92;1.89
1.46;0.94;1.90
1.46;0.92;1.89
1.51;0.91;1.88
1.52;0.92;1.86
1.52;0.91;1.84
1.52;0.91;1.83
1.55;0.90;1.82
1.57;0.90;1.79
1.57;0.90;1.80
1.55;0.90;1.78
1.59;0.90;1.77
1.57;0.90;1.76
1.57;0.90;1.74
1.58;0.89;1.74
1.60;0.90;1.73
1.59;0.89;1.74
1.58;0.88;1.71
1.59;0.90;1.67
1.61;0.89;1.71
1.60;0.89;1.69
1.60;0.88;1.69
1.61;0.89;1.67
1.61;0.88;1.66
1.62;0.86;1.66
1.61;0.88;1.65
1.61;0.89;1.64
1.62;0.88;1.65
1.62;0.88;1.63
1.62;0.88;1.62
1.62;0.88;1.62
1.61;0.89;1.61
1.62;0.88;1.60
1.62;0.88;1.59
1.63;0.88;1.61
1.62;0.87;1.58
1.62;0.87;1.60
1.63;0.88;1.58
1.61;0.88;1.59
1.63;0.87;1.56
1.63;0.87;1.55
1.63;0.87;1.56
1.62;0.87;1.55
1.63;0.85;1.56
1.62;0.87;1.55
1.62;0.87;1.54
1.63;0.86;1.53
1.62;0.85;1.52
1.62;0.87;1.53
1.62;0.87;1.52
1.62;0.87;1.52
1.62;0.87;1.51
1.61;0.87;1.50
1.63;0.88;1.49
1.62;0.87;1.51
1.62;0.87;1.48
1.62;0.87;1.48
1.62;0.87;1.47
1.62;0.87;1.46
1.62;0.86;1.45
1.61;0.87;1.45
1.57;0.87;1.44
1.57;0.85;1.45
1.57;0.87;1.43
1.55;0.87;1.43
1.52;0.87;1.42
1.51;0.86;1.43
1.50;0.86;1.41
1.47;0.87;1.41
1.47;0.86;1.41
1.46;0.89;1.39
1.45;0.85;1.40
1.43;0.87;1.42
1.41;0.87;1.39
1.41;0.87;1.39
1.39;0.86;1.38
1.37;0.86;1.37
1.36;0.86;1.37
1.35;0.87;1.36
1.35;0.87;1.37
1.32;0.85;1.36
1.29;0.86;1.36
1.30;0.86;1.36
1.28;0.86;1.36
1.26;0.86;1.36
1.24;0.85;1.38
1.24;0.86;1.35
1.24;0.87;1.35
1.22;0.87;1.33
1.19;0.84;1.34
1.21;0.87;1.30
1.18;0.87;1.34
1.18;0.86;1.34
1.17;0.83;1.34
1.15;0.87;1.34
1.14;0.86;1.33
1.13;0.86;1.33
1.12;0.86;1.33
1.11;0.86;1.31
1.10;0.87;1.33
1.09;0.87;1.32
1.08;0.86;1.32
1.07;0.86;1.32
1.07;0.86;1.34
1.05;0.87;1.32
1.04;0.87;1.31
1.03;0.85;1.32
1.03;0.87;1.31
1.03;0.85;1.27
1.01;0.87;1.31
0.99;0.86;1.31
0.99;0.86;1.31
0.98;0.88;1.30
0.99;0.87;1.30
0.97;0.87;1.30
0.96;0.85;1.30
0.96;0.84;1.30
0.95;0.87;1.30
0.94;0.87;1.30
0.93;0.87;1.31
0.92;0.87;1.30
0.92;0.86;1.32
0.91;0.87;1.31
0.91;0.89;1.30
0.90;0.86;1.30
0.89;0.86;1.30
0.88;0.87;1.32
0.88;0.87;1.30
0.88;0.87;1.30
0.87;0.87;1.30
0.87;0.87;1.30
0.87;0.88;1.30
0.86;0.87;1.29
0.85;0.87;1.30
0.85;0.87;1.30
0.85;0.87;1.30
0.84;0.87;1.29
0.83;0.87;1.29
0.83;0.88;1.30
0.83;0.90;1.27
0.82;0.87;1.28
0.82;0.87;1.29
0.82;0.87;1.29
0.81;0.87;1.29
0.81;0.87;1.32
0.81;0.87;1.30
0.80;0.87;1.29
0.80;0.87;1.28
0.80;0.87;1.27
0.80;0.88;1.29
0.79;0.87;1.29
0.80;0.87;1.30
0.80;0.88;1.29
0.80;0.87;1.29
0.79;0.87;1.29
0.79;0.87;1.30
0.78;0.87;1.29
0.79;0.88;1.30
0.79;0.88;1.28
0.79;0.87;1.28
0.78;0.88;1.29
0.78;0.92;1.29
0.79;1.04;1.31
0.79;1.19;1.29
0.78;1.30;1.28
0.78;1.40;1.28
0.78;1.53;1.29
0.79;1.62;1.29
0.78;1.72;1.30
0.78;1.82;1.29
0.78;1.90;1.28
0.78;2.00;1.29
0.78;2.07;1.28
0.78;2.17;1.28
0.78;2.22;1.29
0.78;2.31;1.31
0.78;2.39;1.28
0.78;2.46;1.28
0.77;2.52;1.28
0.78;2.58;1.29
0.78;2.64;1.26
0.77;2.73;1.28
0.77;2.77;1.28
0.77;2.85;1.28
0.77;2.88;1.28
0.77;2.96;1.28
0.78;2.99;1.29
0.77;3.04;1.27
0.77;3.09;1.27
0.77;3.15;1.29
0.77;3.19;1.28
0.77;3.24;1.29
0.77;3.28;1.27
0.78;3.32;1.29
0.78;3.36;1.28
0.77;3.40;1.27
0.78;3.45;1.27
0.77;3.49;1.31
0.77;3.52;1.27
0.77;3.55;1.28
0.77;3.59;1.28
0.78;3.62;1.28
0.78;3.66;1.27
0.78;3.69;1.27
0.78;3.72;1.29
0.79;3.73;1.29
0.81;3.78;1.30
0.82;3.81;1.29
0.83;3.83;1.28
0.86;3.85;1.29
0.87;3.89;1.29
0.90;3.91;1.26
0.92;3.96;1.29
0.95;3.98;1.29
0.99;3.99;1.29
1.01;4.00;1.30
1.04;4.03;1.25
1.07;4.04;1.28
1.09;4.06;1.28
1.14;3.98;1.28
1.17;3.84;1.28
1.19;3.72;1.28
1.20;3.61;1.29
1.21;3.49;1.29
1.24;3.41;1.27
1.27;3.32;1.29
1.29;3.23;1.29
1.30;3.16;1.28
1.31;3.07;1.28
1.34;2.99;1.29
1.37;2.93;1.28
1.37;2.87;1.28
1.39;2.81;1.28
1.39;2.73;1.29
1.39;2.69;1.27
1.44;2.59;1.29
1.45;2.56;1.27
1.44;2.52;1.27
1.46;2.46;1.27
1.48;2.42;1.30
1.50;2.36;1.27
1.50;2.32;1.28
1.50;2.27;1.29
1.49;2.23;1.28
1.52;2.19;1.27
1.52;2.15;1.29
1.52;2.12;1.27
1.53;2.07;1.29
1.53;2.04;1.28
1.55;2.01;1.28
1.53;1.97;1.29
1.55;1.94;1.27
1.55;1.91;1.33
1.53;1.88;1.28
1.55;1.85;1.27
1.55;1.82;1.27
1.57;1.80;1.30
1.56;1.78;1.29
1.56;1.73;1.27
1.56;1.72;1.28
1.57;1.70;1.30
1.57;1.67;1.27
1.57;1.67;1.29
1.58;1.65;1.28
1.58;1.61;1.28
1.57;1.59;1.30
1.59;1.57;1.29
1.59;1.55;1.27
1.58;1.54;1.28
1.59;1.52;1.27
1.59;1.50;1.26
1.59;1.49;1.29
1.58;1.46;1.27
1.60;1.45;1.28
1.59;1.44;1.28
1.59;1.42;1.28
1.60;1.40;1.27
1.61;1.40;1.30
1.60;1.37;1.29
1.60;1.36;1.28
1.61;1.34;1.28
1.61;1.33;1.27
1.61;1.31;1.28
1.62;1.30;1.26
1.61;1.29;1.29
1.61;1.30;1.29
1.62;1.26;1.30
1.62;1.26;1.29
1.61;1.23;1.30
1.61;1.26;1.30
1.62;1.22;1.30
1.61;1.22;1.30
1.61;1.21;1.30
1.61;1.19;1.31
1.61;1.19;1.31
1.60;1.17;1.29
1.57;1.17;1.29
1.56;1.16;1.31
1.55;1.14;1.31
1.52;1.14;1.34
1.51;1.13;1.32
1.50;1.13;1.34
1.49;1.11;1.31
1.47;1.10;1.32
1.46;1.09;1.32
1.44;1.10;1.33
1.42;1.08;1.32
1.41;1.08;1.32
1.38;1.06;1.32
1.38;1.07;1.32
1.37;1.06;1.32
1.35;1.06;1.33
1.34;1.06;1.33
1.33;1.05;1.33
1.31;1.03;1.32
1.29;1.04;1.32
1.28;1.00;1.33
1.27;1.02;1.33
1.26;1.02;1.32
1.24;1.01;1.36
1.24;1.01;1.33
1.22;0.99;1.34
1.21;1.00;1.34
1.20;0.98;1.33
1.20;0.99;1.34
1.17;0.98;1.35
1.18;0.98;1.34
1.15;0.97;1.34
1.15;0.98;1.33
1.12;0.98;1.34
1.13;0.97;1.33
1.11;0.95;1.32
1.10;0.96;1.31
1.10;0.96;1.34
1.08;0.95;1.33
1.07;0.93;1.33
1.05;0.94;1.32
1.06;0.95;1.36
1.04;0.94;1.43
1.04;0.93;1.47
1.02;0.94;1.54
1.02;0.94;1.59
1.01;0.93;1.65
1.00;0.92;1.67
0.99;0.92;1.76
0.98;0.93;1.78
0.97;0.92;1.84
0.97;0.92;1.87
0.96;0.92;1.93
0.95;0.92;1.96
0.95;0.91;1.99
0.95;0.91;2.02
0.93;0.91;2.06
0.92;0.91;2.10
0.92;0.90;2.14
0.91;0.91;2.13
0.91;0.91;2.17
0.91;0.91;2.20
0.89;0.90;2.22
0.89;0.90;2.26
0.89;0.90;2.29
0.89;0.90;2.31
0.88;0.86;2.35
0.88;0.89;2.37
0.87;0.90;2.39
0.87;0.89;2.39
0.86;0.89;2.42
0.86;0.89;2.43
0.85;0.90;2.45
0.85;0.88;2.48
0.85;0.88;2.50
0.84;0.88;2.52
0.83;0.88;2.53
0.83;0.88;2.53
0.83;0.88;2.56
0.82;0.89;2.57
0.83;0.89;2.59
0.82;0.86;2.61
0.81;0.88;2.62
0.81;0.88;2.65
0.81;0.88;2.64
0.81;0.85;2.64
0.81;0.87;2.66
0.80;0.87;2.67
0.80;0.87;2.68
0.79;0.87;2.69
0.79;0.88;2.68
0.80;0.87;2.73
0.80;0.87;2.73
0.80;0.88;2.75
0.79;0.87;2.75
0.79;0.87;2.75
0.79;0.86;2.76
0.79;0.87;2.77
0.79;0.87;2.79
0.78;0.87;2.76
0.79;0.89;2.71
0.78;0.87;2.67
0.79;0.86;2.63
0.78;0.86;2.58
0.78;0.88;2.55
0.78;0.87;2.51
0.78;0.87;2.48
0.79;0.87;2.44
0.78;0.87;2.46
0.78;0.87;2.38
0.78;0.87;2.35
0.79;0.86;2.31
0.78;0.86;2.30
0.78;0.88;2.27
0.78;0.87;2.24
0.77;0.87;2.22
0.78;0.86;2.20
0.78;0.87;2.17
0.77;0.88;2.15
0.78;0.84;2.13
0.78;0.87;2.11
0.78;0.87;2.10
0.77;0.87;2.07
0.77;0.86;2.06
0.77;0.87;2.04
0.77;0.87;2.02
0.77;0.86;1.98
0.77;0.86;2.00
0.77;0.86;1.97
0.78;0.87;1.96
0.78;0.87;1.94
0.77;0.86;1.93
0.77;0.86;1.92
0.77;0.87;1.90
0.78;0.87;1.89
0.77;0.87;1.89
0.78;0.86;1.86
0.77;0.87;1.85
0.77;0.85;1.84
0.77;0.87;1.82
0.77;0.86;1.83
0.77;0.85;1.81
0.76;0.87;1.81
0.77;0.86;1.80
0.76;0.86;1.72
0.77;0.86;1.77
0.76;0.86;1.76
0.76;0.86;1.76
0.77;0.86;1.76
0.76;0.86;1.73
0.76;0.87;1.73
0.76;0.86;1.73
0.76;0.85;1.72
0.77;0.86;1.72
0.76;0.86;1.71
0.77;0.86;1.70
0.76;0.87;1.70
0.76;0.86;1.69
0.76;0.87;1.68
0.76;0.87;1.67
0.76;0.88;1.65
0.77;0.83;1.65
0.76;0.87;1.63
0.77;0.87;1.65
0.75;0.87;1.62
0.75;0.88;1.62
0.77;0.87;1.60
0.77;0.88;1.59
0.76;0.87;1.59
0.76;0.88;1.58
0.75;0.87;1.57
0.76;0.88;1.57
0.76;0.90;1.57
0.76;0.88;1.56
0.76;0.88;1.55
0.75;0.90;1.56
0.76;0.87;1.55
0.75;0.88;1.54
0.76;0.87;1.53
0.76;0.88;1.52
0.76;0.91;1.53
0.76;0.88;1.52
0.76;0.88;1.52
0.75;0.88;1.51
0.76;0.88;1.51
0.75;0.88;1.51
0.76;0.88;1.50
0.76;0.89;1.49
0.75;0.89;1.48
0.76;0.90;1.48
0.76;0.88;1.48
0.75;0.88;1.48
0.75;0.89;1.48
0.75;0.89;1.44
0.75;0.90;1.47
0.75;0.89;1.47
0.76;0.89;1.45
0.75;0.89;1.47
0.75;0.89;1.46
0.76;0.87;1.45
0.75;0.89;1.45
0.74;0.90;1.44
0.75;0.89;1.44
0.75;0.89;1.44
0.75;0.88;1.45
0.75;0.89;1.45
0.75;0.89;1.43
0.75;0.89;1.43
0.75;0.89;1.43
0.76;0.90;1.43
0.74;0.89;1.43
0.75;1.01;1.44
0.75;1.13;1.42
0.75;1.26;1.44
0.75;1.35;1.42
0.75;1.48;1.41
0.75;1.58;1.42
0.75;1.67;1.40
0.75;1.78;1.40
0.74;1.87;1.39
0.75;1.96;1.39
0.75;2.04;1.41
0.75;2.12;1.38
0.75;2.20;1.38
0.75;2.28;1.39
0.75;2.35;1.37
0.75;2.42;1.37
0.75;2.49;1.37
0.75;2.56;1.37
0.75;2.63;1.36
0.75;2.68;1.36
0.75;2.75;1.35
0.75;2.81;1.35
0.75;2.88;1.34
0.76;2.92;1.35
0.74;2.97;1.34
0.75;3.03;1.32
0.75;3.08;1.33
0.75;3.12;1.34
0.75;3.17;1.33
0.74;3.22;1.33
0.74;3.27;1.32
0.75;3.30;1.30
0.74;3.35;1.33
0.74;3.39;1.32
0.75;3.43;1.32
0.73;3.47;1.33
0.75;3.50;1.35
0.74;3.52;1.32
0.74;3.58;1.32
0.75;3.61;1.32
0.74;3.65;1.32
0.75;3.66;1.30
0.74;3.71;1.30
0.75;3.74;1.31
0.75;3.77;1.31
0.74;3.78;1.30
0.75;3.83;1.30
0.75;3.86;1.30
0.74;3.88;1.30
0.75;3.91;1.34
0.74;3.92;1.30
0.75;3.95;1.31
0.74;3.97;1.30
0.74;4.00;1.30
0.74;4.01;1.28
0.74;4.04;1.30
0.74;4.07;1.31
0.75;4.08;1.30
0.75;4.10;1.30
0.74;4.13;1.31
0.75;4.16;1.30
0.74;4.15;1.29
0.74;4.16;1.30
0.74;4.19;1.30
0.74;4.21;1.29
0.74;4.21;1.29
0.74;4.22;1.29
0.74;4.25;1.27
0.74;4.26;1.28
0.74;4.27;1.30
0.74;4.28;1.30
0.74;4.29;1.31
0.73;4.31;1.30
0.74;4.32;1.28
0.74;4.33;1.30
0.74;4.32;1.29
0.74;4.35;1.30
0.74;4.36;1.29
0.74;4.36;1.30
0.75;4.40;1.29
0.75;4.39;1.27
0.74;4.39;1.28
0.74;4.40;1.28
0.74;4.38;1.29
0.73;4.42;1.29
0.73;4.43;1.26
0.74;4.44;1.29
0.73;4.44;1.29
0.74;4.43;1.29
0.74;4.46;1.29
0.74;4.47;1.29
0.74;4.47;1.29
0.74;4.48;1.27
0.73;4.48;1.29
0.74;4.50;1.29
0.74;4.49;1.28
0.74;4.50;1.28
0.73;4.50;1.29
0.73;4.53;1.26
0.73;4.52;1.29
0.73;4.52;1.28
0.74;4.52;1.29
0.74;4.53;1.28
0.73;4.53;1.30
0.73;4.53;1.28
0.74;4.54;1.29
0.74;4.54;1.29
0.73;4.54;1.28
0.74;4.55;1.27
0.73;4.56;1.29
0.73;4.55;1.30
0.73;4.56;1.29
0.73;4.56;1.29
0.73;4.57;1.28
0.73;4.57;1.27
0.73;4.46;1.28
0.74;4.31;1.30
0.73;4.16;1.30
0.73;4.03;1.27
0.73;3.91;1.29
0.74;3.79;1.27
0.72;3.68;1.25
0.74;3.57;1.29
0.73;3.48;1.27
0.73;3.38;1.29
0.73;3.29;1.28
0.73;3.21;1.29
0.73;3.13;1.28
0.73;3.04;1.29
0.73;2.98;1.29
0.73;2.91;1.29
0.73;2.84;1.26
0.73;2.80;1.28
0.72;2.71;1.28
0.73;2.65;1.27
0.73;2.60;1.27
0.72;2.55;1.28
0.73;2.49;1.28
0.72;2.44;1.28
0.73;2.40;1.30
0.73;2.35;1.29
0.73;2.31;1.29
0.73;2.26;1.29
0.73;2.20;1.29
0.73;2.17;1.28
0.73;2.15;1.28
0.72;2.10;1.28
0.72;2.09;1.30
0.73;2.03;1.29
0.73;2.00;1.28
0.73;1.97;1.27
0.73;1.93;1.29
0.73;1.90;1.30
0.72;1.87;1.28
0.72;1.84;1.28
0.72;1.81;1.27
0.72;1.79;1.29
0.73;1.76;1.28
0.72;1.73;1.28
0.73;1.71;1.28
0.73;1.69;1.27
0.72;1.67;1.28
0.72;1.64;1.29
0.72;1.62;1.28
0.73;1.60;1.27
0.72;1.58;1.27
0.73;1.54;1.28
0.73;1.54;1.29
0.72;1.52;1.28
0.72;1.50;1.26
0.72;1.48;1.28
0.72;1.46;1.28
0.72;1.44;1.29
0.72;1.43;1.27
0.72;1.42;1.28
0.71;1.40;1.28
0.71;1.38;1.26
0.73;1.37;1.28
0.72;1.35;1.28
0.72;1.35;1.28
0.71;1.32;1.29
0.72;1.31;1.28
0.72;1.30;1.28
0.71;1.29;1.28
0.72;1.28;1.27
0.72;1.25;1.29
0.72;1.26;1.28
0.72;1.24;1.26
0.72;1.23;1.24
0.71;1.26;1.28
0.71;1.20;1.28
0.72;1.20;1.29
0.72;1.19;1.28
0.72;1.19;1.28
0.71;1.17;1.29
0.72;1.16;1.29
0.72;1.15;1.27
0.72;1.15;1.29
0.71;1.14;1.28
0.71;1.14;1.25
0.71;1.11;1.28
0.72;1.11;1.30
0.71;1.10;1.28
0.71;1.10;1.27
0.70;1.10;1.27
0.72;1.11;1.27
0.71;1.09;1.27
0.71;1.07;1.27
0.72;1.08;1.30
0.71;1.07;1.26
0.72;1.07;1.28
0.71;1.07;1.27
0.72;1.04;1.28
0.71;1.05;1.26
0.72;1.04;1.28
0.72;1.04;1.27
0.71;1.03;1.28
0.71;1.03;1.28
0.71;1.02;1.28
0.71;1.00;1.30
0.71;1.03;1.28
0.71;1.01;1.26
0.71;1.01;1.28
0.72;1.00;1.28
0.71;1.00;1.30
0.71;0.99;1.28
0.71;0.98;1.29
0.71;0.99;1.28
0.71;0.97;1.26
0.71;0.97;1.29
0.71;0.96;1.25
0.71;0.97;1.27
0.71;0.96;1.26
0.72;0.96;1.27
0.71;0.96;1.45
0.71;0.96;1.61
0.71;0.94;1.77
0.72;0.95;1.90
0.70;0.92;2.05
0.71;0.94;2.18
0.72;0.94;2.30
0.70;0.93;2.41
0.71;0.92;2.54
0.71;0.92;2.63
0.71;0.94;2.72
0.70;0.92;2.83
0.71;0.92;2.93
0.70;0.92;3.03
0.70;0.93;3.12
0.70;0.92;3.20
0.70;0.93;3.27
0.71;0.91;3.34
0.70;0.92;3.43
0.71;0.88;3.50
0.70;0.91;3.58
0.70;0.92;3.66
0.70;0.89;3.72
0.70;0.91;3.78
0.70;0.91;3.85
0.70;0.90;3.89
0.71;0.89;3.91
0.70;0.89;4.02
0.70;0.89;4.08
0.71;0.90;4.13
0.71;0.89;4.19
0.70;0.89;4.24
0.70;0.90;4.28
0.71;0.88;4.32
0.71;0.89;4.37
0.70;0.89;4.42
0.70;0.88;4.47
0.70;0.89;4.51
0.70;0.90;4.55
0.69;0.89;4.57
0.70;0.88;4.62
0.71;0.89;4.66
0.70;0.88;4.69
0.70;0.89;4.73
0.70;0.89;4.77
0.70;0.88;4.80
0.70;0.87;4.83
0.70;0.88;4.86
0.71;0.87;4.90
0.71;0.87;4.91
0.70;0.88;4.94
0.70;0.88;4.97
0.70;0.87;5.00
0.70;0.87;5.00
0.71;0.87;5.00
0.70;;5.00
0.70;;5.00
0.70;;5.00
0.70;;4.97
0.70;;4.83
0.70;;4.71
0.70;;4.60
0.70;;4.49
0.70;;4.37
0.70;;4.28
0.69;;4.19
0.71;;4.10
0.70;;4.01
0.70;;3.94
0.70;;3.85
0.70;;3.77
0.70;;3.70
0.70;;3.64
0.70;;3.56
0.69;;3.51
0.69;;3.48
0.70;;3.39
0.70;;3.34
0.69;;3.27
0.70;;3.23
0.69;;3.18
0.70;;3.13
0.70;;3.08
0.70;;3.03
0.69;;2.99
0.69;;2.95
0.70;;2.91
0.69;;2.87
0.69;;2.84
0.69;;2.79
0.69;;2.76
0.70;;2.72
0.69;;2.69
0.70;;2.63
0.69;;2.63
0.70;;2.59
0.69;;2.56
0.69;;2.54
0.68;;2.51
0.69;;2.49
0.69;;2.46
0.70;;2.44
0.70;;2.41
0.69;;2.39
0.68;;2.36
0.69;;2.36
0.69;;2.32
0.69;;2.31
0.68;;2.28
0.69;;2.26
0.69;;2.24
0.69;;2.17
0.69;;2.20
0.69;;2.19
0.68;;2.18
0.70;;2.15
0.69;;2.12
0.68;;2.11
0.69;;2.09
0.69;;2.08
0.68;;2.05
0.69;;2.03
0.68;;2.01
0.68;;2.00
0.69;;1.95
0.68;;1.96
0.69;;1.95
0.69;;1.93
0.69;;1.93
0.69;;1.90
0.68;;1.89
0.69;;1.88
0.69;;1.85
0.69;;1.85
0.69;;1.84
0.68;;1.82
0.68;;1.81
0.67;;1.83
0.69;;1.79
0.69;;1.78
0.68;;1.77
0.68;;1.76
0.68;;1.75
0.68;;1.74
0.68;;1.74
0.68;;1.73
0.68;;1.72
0.69;;1.70
0.68;;1.70
0.69;;1.69
0.68;;1.68
0.68;;1.68
0.68;;1.67
0.69;;1.67
0.68;;1.65
0.69;;1.66
0.68;;1.64
0.68;;1.63
0.68;;1.63
0.68;;1.62
0.69;;1.59
0.68;;1.61
0.68;;1.60
0.68;;1.60
0.68;;1.60
0.68;;1.59
0.67;;1.57
0.68;;1.58
0.68;;1.58
0.68;;1.57
0.69;;1.56
0.68;;1.54
0.68;;1.54
0.68;;1.55
0.68;;1.54
0.67;;1.53
0.67;;1.52
0.68;;1.51
0.68;;1.45
0.68;;1.50
0.68;;1.50
0.68;;1.48
0.68;;1.49
0.68;;1.47
0.67;;1.46
0.68;;1.46
0.68;;1.46
0.68;;1.46
0.68;;1.46
0.68;;1.44
0.68;;1.43
0.67;;1.42
0.68;;1.43
0.67;;1.43
0.67;;1.41
0.67;;1.41
0.67;;1.41
0.67;;1.40
0.67;;1.39
0.68;;1.39
0.67;;1.39
0.68;;1.39
0.67;;1.39
0.67;;1.38
0.67;;1.35
0.68;;1.37
0.67;;1.37
0.68;;1.38
0.68;;1.34
0.68;;1.35
0.67;;1.36
0.67;;1.35
0.68;;1.36
0.67;;1.35
0.67;;1.34
0.67;;1.36
0.67;;1.34
0.67;;1.34
0.68;;1.34
0.68;;1.34
0.67;;1.34
0.67;;1.33
0.67;;1.33
0.67;;1.33
0.68;;1.32
0.67;;1.32
0.67;;1.32
0.67;;1.33
0.67;;1.31
0.67;;1.33
0.67;;1.31
0.67;;1.32
0.67;;1.32
0.67;;1.33
0.67;;1.31
0.67;;1.31
0.68;;1.32
0.67;;1.32
;;1.32
;;1.31
;;1.31
;;1.30
;;1.31
;;1.30
;;1.30
;;1.31
;;1.30
;;1.31
;;1.30
;;1.30
;;1.31
;;1.30
;;1.30
;;1.29
;;1.30
;;1.30
;;1.30
;;1.30
;;1.29
;;1.30
;;1.30
;;1.29
;;1.30
;;1.31
;;1.29
;;1.29
;;1.30
;;1.30
;;1.29
;;1.29
;;1.30
;;1.29
;;1.31
;;1.29
;;1.29
;;1.28
;;1.28
;;1.28
;;1.30
;;1.28
;;1.30
;;1.26
;;1.29
;;1.30
;;1.30
;;1.30
;;1.29
;;1.29
;;1.28
;;1.27
;;1.29
;;1.29
;;1.29
;;1.28
;;1.28
;;1.29
;;1.30
;;1.28
;;1.30
;;1.28
;;1.28
;;1.29
;;1.29
;;1.28
;;1.28
;;1.28
;;1.28
;;1.28
;;1.28
;;1.28
;;1.28
;;1.30
;;1.27
;;1.29
;;1.28
;;1.28
;;1.28
;;1.29
;;1.27
;;1.28
;;1.29
;;1.28
;;1.29
;;1.27
;;1.28
;;1.29
;;1.28
;;1.28
;;1.29
;;1.28
;;1.27
;;1.29
;;1.28
;;1.28
;;1.27
;;1.27
;;1.28
;;1.27
;;1.27
;;1.29
;;1.27
;;1.28
;;1.30
;;1.28
;;1.28
;;1.28
;;1.28
;;1.28
;;1.31
;;1.26
;;1.26
;;1.28
;;1.29
;;1.28
;;1.29
;;1.29
;;1.27
;;1.29
;;1.28
;;1.29
;;1.28
;;1.30
;;1.27
;;1.29
;;1.27
;;1.29
;;1.30
;;1.28
;;1.29
;;1.28
;;1.28
;;1.28
;;1.29
;;1.27
;;1.28
;;1.26
;;1.26
;;1.29
;;1.27
;;1.30
;;1.30
;;1.28
;;1.30
;;1.30
;;1.28
;;1.28
;;1.27
;;1.27
;;1.28
;;1.30
;;1.29
;;1.28
;;1.28
;;1.29
;;1.28
;;1.28
;;1.28
;;1.31
;;1.28
;;1.28
;;1.28
;;1.30
;;1.28
;;1.37
;;1.57
;;1.74
;;1.93
;;2.08
;;2.23
;;2.37
;;2.49
;;2.63
;;2.75
;;2.88
;;3.00
;;3.11
;;3.22
;;3.31
;;3.42
;;3.51
;;3.61
;;3.70
;;3.78
;;3.91
;;3.96
;;4.04
;;4.11
;;4.19
;;4.25
;;4.34
;;4.41
;;4.47
;;4.54
;;4.60
;;4.65
;;4.71
;;4.78
;;4.82
;;4.88
;;4.92
;;4.99
;;5.00
;;5.00
;;5.00
;;5.00
;;5.00
;;5.00
;;5.00
;;5.00
;;5.00
;;5.00
;;5.00
;;5.00
;;5.00
;;5.00
;;5.00
;;5.00
;;5.00
;;5.00
;;5.00
;;5.00
;;5.00
;;5.00
;;5.00
;;5.00
;;5.00
;;4.88
;;4.77
;;4.66
;;4.56
;;4.48
;;4.37
;;4.28
;;4.22
;;4.13
;;4.06
;;3.99
;;3.94
;;3.84
;;3.78
;;3.71
;;3.66
;;3.62
;;3.56
;;3.50
;;3.45
;;3.40
;;3.35
;;3.28
;;3.26
;;3.22
;;3.18
;;3.14
;;3.10
;;3.06
;;3.03
;;2.99
;;2.95
;;2.93
;;2.90
;;2.87
;;2.83
;;2.81
;;2.80
;;2.75
;;2.72
;;2.70
;;2.69
;;2.64
;;2.62
;;2.61
;;2.60
;;2.56
;;2.54
;;2.52
;;2.51
;;2.49
;;2.47
;;2.45
;;2.42
;;2.39
;;2.37
;;2.34
;;2.30
;;2.29
;;2.26
;;2.17
;;2.22
;;2.19
;;2.18
;;2.16
;;2.14
;;2.11
;;2.10
;;2.10
;;2.06
;;2.04
;;2.02
;;1.99
;;1.97
;;1.98
;;1.97
;;1.95
;;1.95
;;1.92
;;1.90
;;1.90
;;1.89
;;1.87
;;1.86
;;1.84
;;1.83
;;1.81
;;1.82
;;1.81
;;1.79
;;1.78
;;1.80
;;1.78
;;1.78
;;1.75
;;1.74
;;1.74
;;1.73
;;1.70
;;1.71
;;1.70
;;1.70
;;1.68
;;1.68
;;1.67
;;1.67
;;1.67
;;1.67
;;1.66
;;1.68
;;1.65
;;1.63
;;1.63
;;1.61
;;1.62
;;1.60
;;1.60
;;1.58
;;1.59
;;1.58
;;1.58
;;1.57
;;1.56
;;1.56
;;1.56
;;1.54
;;1.53
;;1.53
;;1.52
;;1.53
;;1.52
;;1.52
;;1.52
;;1.51
;;1.50
;;1.48
;;1.49
;;1.49
;;1.49
;;1.48
;;1.52
;;1.49
;;1.48
;;1.45
;;1.47
;;1.47
;;1.47
;;1.46
;;1.46
;;1.45
;;1.46
;;1.47
;;1.46
;;1.48
;;1.44
;;1.44
;;1.44
;;1.44
;;1.43
;;1.43
;;1.43
;;1.44
;;1.43
;;1.42
;;1.43
;;1.43
;;1.44
;;1.42
;;1.41
;;1.40
;;1.40
;;1.41
;;1.40
;;1.40
;;1.39
;;1.39
;;1.38
;;1.39
;;1.37
;;1.36
;;1.36
;;1.36
;;1.36
;;1.35
;;1.34
;;1.35
;;1.35
;;1.34
;;1.35
;;1.28
;;1.34
;;1.34
;;1.34
;;1.34
;;1.33
;;1.33
;;1.32
;;1.33
;;1.33
;;1.32
;;1.33
;;1.33
;;1.34
;;1.32
;;1.33
;;1.32
;;1.32
;;1.31
;;1.31
;;1.32
;;1.30
;;1.31
;;1.31
;;1.31
;;1.31
;;1.33
;;1.31
;;1.29
;;1.28
;;1.31
;;1.33
;;1.30
;;1.30
;;1.29
;;1.30
;;1.29
;;1.30
;;1.29
;;1.29
;;1.28
;;1.30
;;1.29
;;1.29
;;1.33
;;1.30
;;1.28
;;1.29
;;1.29
;;1.28
;;1.29
;;1.30
;;1.29
;;1.29
;;1.30
;;1.30
;;1.29
;;1.28
;;1.29
;;1.29
;;1.29
;;1.29
;;1.30
;;1.29
;;1.28
;;1.29
;;1.28
;;1.29
;;1.30
;;1.27
;;1.30
;;1.28
;;1.28
;;1.29
;;1.29
;;1.28
;;1.29
;;1.29
;;1.28
;;1.29
;;1.28
;;1.29
;;1.28
;;1.28
;;1.29
;;1.29
;;1.27
;;1.28
;;1.30
;;1.28
;;1.29
;;1.28
;;1.29
;;1.30
;;1.27
;;1.28
;;1.29
;;1.29
;;1.28
;;1.28
;;1.28
;;1.27
;;1.29
;;1.28
;;1.29
;;1.28
;;1.30
;;1.28
;;1.29
;;1.29
;;1.27
;;1.29
;;1.30
;;1.27
;;1.29
;;1.29
;;1.28
;;1.29
;;1.29
;;1.28
;;1.28
;;1.29
;;1.29
;;1.28
;;1.30
;;1.29
;;1.29
;;1.28
;;1.28
;;1.29
;;1.28
;;1.28
;;1.28
;;1.27
;;1.29
;;1.29
;;1.28
;;1.28
;;1.32
;;1.28
;;1.29
;;1.28
;;1.27
;;1.28
;;1.29
;;1.30
;;1.28
;;1.28
;;1.29
;;1.27
;;1.29
;;1.28
;;1.26
;;1.28
;;1.29
;;1.30
;;1.30
;;1.29
;;1.30
;;1.30
;;1.30
;;1.31
;;1.31
;;1.32
;;1.32
;;1.31
;;1.33
;;1.32
;;1.32
;;1.33
;;1.32
;;1.35
;;1.34
;;1.36
;;1.33
;;1.34
;;1.35
;;1.35
;;1.34
;;1.35
;;1.35
;;1.36
;;1.37
;;1.36
;;1.35
;;1.35
;;1.35
;;1.36
;;1.36
;;1.36
;;1.35
;;1.40
;;1.36
;;1.35
;;1.37
;;1.36
;;1.35
;;1.36
;;1.39
;;1.35
;;1.37
;;1.37
;;1.36
;;1.36
;;1.35
;;1.35
;;1.37
;;1.36
;;1.39
;;1.46
;;1.48
;;1.56
;;1.64
;;1.71
;;1.77
;;1.83
;;1.88
;;1.93
;;1.99
;;2.04
;;2.10
;;2.15
;;2.19
;;2.25
;;2.27
;;2.30
;;2.36
;;2.38
;;2.42
;;2.46
;;2.49
;;2.52
;;2.55
;;2.56
;;2.61
;;2.65
;;2.67
;;2.70
;;2.72
;;2.75
;;2.77
;;2.78
;;2.80
;;2.83
;;2.85
;;2.88
;;2.89
;;2.90
;;2.93
;;2.94
;;2.95
;;2.97
;;3.00
;;3.03
;;3.03
;;3.04
;;3.05
;;3.05
;;3.07
;;3.09
;;3.11
;;3.12
;;3.13
;;3.14
;;3.15
;;3.15
;;3.14
;;3.11
;;3.06
;;3.00
;;2.96
;;2.88
;;2.84
;;2.81
;;2.76
;;2.71
;;2.68
;;2.63
;;2.60
;;2.56
;;2.53
;;2.49
;;2.46
;;2.42
;;2.40
;;2.38
;;2.34
;;2.31
;;2.29
;;2.28
;;2.23
;;2.21
;;2.18
;;2.18
;;2.15
;;2.13
;;2.11
;;2.07
;;2.07
;;2.05
;;2.04
;;2.02
;;2.00
;;1.99
;;1.97
;;1.96
;;1.94
;;1.93
;;1.93
;;1.91
;;1.90
;;1.88
;;1.87
;;1.86
;;1.85
;;1.82
;;1.82
;;1.81
;;1.80
;;1.79
;;1.78
;;1.78
;;1.77
;;1.77
;;1.75
;;1.74
;;1.72
;;1.72
;;1.72
;;1.71
;;1.69
;;1.68
;;1.68
;;1.65
;;1.66
;;1.65
;;1.64
;;1.63
;;1.62
;;1.61
;;1.61
;;1.60
;;1.60
;;1.59
;;1.58
;;1.56
;;1.55
;;1.56
;;1.56
;;1.55
;;1.54
;;1.57
;;1.54
;;1.53
;;1.53
;;1.54
;;1.54
;;1.52
;;1.52
;;1.52
;;1.51
;;1.51
;;1.49
;;1.49
;;1.53
;;1.50
;;1.48
;;1.47
;;1.49
;;1.48
;;1.50
;;1.48
;;1.48
;;1.47
;;1.46
;;1.47
;;1.47
;;1.49
;;1.46
;;1.46
;;1.45
;;1.45
;;1.44
;;1.46
;;1.44
;;1.45
;;1.44
;;1.44
;;1.44
;;1.44
;;1.43
;;1.44
;;1.44
;;1.43
;;1.43
;;1.44
;;1.43
;;1.42
;;1.42
;;1.43
;;1.42
;;1.44
;;1.42
;;1.42
;;1.42
;;1.42
;;1.42
;;1.42
;;1.39
;;1.43
;;1.43
;;1.41
;;1.42
;;1.42
;;1.42
;;1.41
;;1.41
;;1.41
;;1.42
;;1.41
;;1.40
;;1.39
;;1.40
;;1.40
;;1.40
;;1.41
;;1.43
;;1.41
;;1.40
;;1.41
;;1.41
;;1.40
;;1.40
;;1.40
;;1.41
;;1.44
;;1.41
;;1.41
;;1.40
;;1.39
;;1.40
;;1.40
;;1.41
;;1.41
;;1.37
;;1.43
;;1.41
;;1.40
;;1.41
;;1.40
;;1.39
;;1.40
;;1.39
;;1.40
;;1.41
;;1.40
;;1.
