0.00,0.00,0.00,0.00,0.00,
0.00,0.00,0.00,0.00,0.00,
0.00,0.00,0.00,0.00,0.00,
0.00,0.00,0.00,0.00,0.00,
0.00,0.00,0.00,0.00,0.00,
0.00,0.00,0.00,0.00,0.00,
0.00,0.00,0.00,0.00,0.00,
0.00,0.00,0.00,0.00,0.00,
0.00,0.00,0.00,0.00,0.00,
0.00,0.00,0.00,0.00,0.00,
0.00,0.00,0.00,0.00,0.00,
0.00,0.00,0.00,0.00,0.00,
0.00,0.00,0.00,0.00,0.00,
0.00,0.00,0.00,0.00,0.00,
5.00,0.00,0.00,0.00,0.00,
0.00,0.06,0.08,0.00,120.00,
0.00,0.06,0.08,0.00,120.00,
0.00,0.06,0.08,0.00,120.00,
0.00,0.06,0.08,0.00,120.00,
0.00,0.06,0.08,0.00,120.00,
0.00,0.06,0.08,0.00,120.00,
0.00,0.06,0.08,0.00,120.00,
0.00,0.06,0.08,0.00,120.00,
0.00,0.06,0.08,0.00,120.00,
0.00,0.06,0.08,0.00,120.00,
0.00,0.06,0.08,0.00,120.00,
0.00,0.06,0.08,0.00,120.00,
0.00,0.06,0.08,0.00,120.00,
0.00,0.06,0.08,0.00,120.00,
0.00,0.06,0.08,0.00,120.00,
0.00,0.06,0.08,0.00,120.00,
0.00,0.06,0.08,0.00,120.00,
0.00,0.06,0.08,0.00,120.00,
0.00,0.06,0.08,0.00,120.00,
0.00,0.06,0.08,0.00,120.00,
0.00,0.06,0.08,0.00,120.00,
0.00,0.06,0.08,0.00,120.00,
0.00,0.06,0.08,0.00,120.00,
0.00,0.06,0.08,0.00,120.00,
0.00,0.06,0.08,0.00,120.00,
0.00,0.06,0.08,0.00,120.00,
0.00,0.06,0.08,0.00,120.00,
0.00,0.06,0.08,0.00,120.00,
0.00,0.06,0.08,0.00,120.00,
0.00,0.06,0.08,0.00,120.00,
0.00,0.06,0.08,0.00,120.00,
0.00,0.06,0.08,0.00,120.00,
0.00,0.06,0.08,0.00,120.00,
0.00,0.06,0.08,0.00,120.00,
0.00,0.06,0.08,0.00,120.00,
0.00,0.06,0.08,0.00,120.00,
0.00,0.06,0.08,0.00,120.00,
0.00,0.06,0.08,0.00,120.00,
0.00,0.06,0.08,0.00,120.00,
0.00,0.06,0.08,0.00,120.00,
0.00,0.06,0.08,0.00,120.00,
0.00,0.06,0.08,0.00,120.00,
0.00,0.06,0.08,0.00,120.00,
0.00,0.06,0.08,0.00,120.00,
0.00,0.06,0.08,0.00,120.00,
0.00,0.06,0.08,0.00,120.00,
0.00,0.06,0.08,0.00,120.00,
0.00,0.06,0.08,0.00,120.00,
0.00,0.06,0.08,0.00,120.00,
0.00,0.06,0.08,0.00,120.00,
0.00,0.06,0.08,0.00,120.00,
0.00,0.06,0.08,0.00,120.00,
0.00,0.06,0.08,0.00,120.00,
0.00,0.06,0.08,0.00,120.00,
0.00,0.06,0.08,0.00,120.00,
0.00,0.06,0.08,0.00,120.00,
0.00,0.06,0.08,0.00,120.00,
0.00,0.06,0.08,0.00,120.00,
0.00,0.06,0.08,0.00,120.00,
0.00,0.06,0.08,0.00,120.00,
0.00,0.06,0.08,0.00,120.00,
0.00,0.06,0.08,0.00,120.00,
0.00,0.06,0.08,0.00,120.00,
0.00,0.06,0.08,0.00,120.00,
0.00,0.06,0.08,0.00,120.00,
0.00,0.06,0.08,0.00,120.00,
0.00,0.06,0.08,0.00,120.00,
0.00,0.06,0.08,0.00,120.00,
0.00,0.06,0.08,0.00,120.00,
0.00,0.06,0.08,0.00,120.00,
0.00,0.06,0.08,0.00,120.00,
0.00,0.06,0.08,0.00,120.00,
0.00,0.06,0.08,0.00,120.00,
0.00,0.06,0.08,0.00,120.00,
0.00,0.06,0.08,0.00,120.00,
0.00,0.06,0.08,0.00,120.00,
0.00,0.06,0.08,0.00,120.00,
0.00,0.06,0.08,0.00,120.00,
0.00,0.06,0.08,0.00,120.00,
0.00,0.06,0.08,0.00,120.00,
0.00,0.06,0.08,0.00,120.00,
0.00,0.06,0.08,0.00,120.00,
0.00,0.06,0.08,0.00,120.00,
0.00,0.06,0.08,0.00,120.00,
0.00,0.06,0.08,0.00,120.00,
0.00,0.06,0.08,0.00,120.00,
0.00,0.06,0.08,0.00,120.00,
0.00,0.06,0.08,0.00,120.00,
0.00,0.06,0.08,0.00,120.00,
0.00,0.06,0.08,0.00,120.00,
0.00,0.06,0.08,0.00,120.00,
0.00,0.06,0.08,0.00,120.00,
0.00,0.06,0.08,0.00,120.00,
0.00,0.06,0.08,0.00,120.00,
0.00,0.06,0.08,0.00,120.00,
0.00,0.06,0.08,0.00,120.00,
0.00,0.06,0.08,0.00,120.00,
0.00,0.06,0.08,0.00,120.00,
0.00,0.06,0.08,0.00,120.00,
0.00,0.06,0.08,0.00,120.00,
0.00,0.06,0.08,0.00,120.00,
0.00,0.06,0.08,0.00,120.00,
0.00,0.06,0.08,0.00,120.00,
0.00,0.06,0.08,0.00,120.00,
0.00,0.06,0.08,0.00,120.00,
0.00,0.06,0.08,0.00,120.00,
0.00,0.06,0.08,0.00,120.00,
0.00,0.06,0.08,0.00,120.00,
0.00,0.06,0.08,0.00,120.00,
0.00,0.06,0.08,0.00,120.00,
0.00,0.06,0.08,0.00,120.00,
0.00,0.06,0.08,0.00,120.00,
5.00,0.06,0.08,0.00,120.00,
0.00,0.06,0.05,0.00,15.93,
0.00,0.06,0.05,0.00,15.93,
0.00,0.06,0.05,0.00,15.93,
-5.00,0.06,0.05,0.00,15.93,
0.00,0.06,0.05,0.05,15.93,
0.00,0.06,0.05,0.05,15.93,
0.00,0.06,0.05,0.05,15.93,
0.00,0.06,0.05,0.05,15.93,
-5.00,0.06,0.05,0.05,15.93,
0.00,0.06,0.05,0.05,15.93,
5.00,0.06,0.05,0.05,15.93,
0.00,0.06,0.05,0.05,163.64,
0.00,0.06,0.05,0.05,163.64,
0.00,0.06,0.05,0.05,163.64,
-5.00,0.06,0.05,0.05,163.64,
0.00,0.06,0.05,0.05,163.64,
5.00,0.06,0.05,0.05,163.64,
-5.00,0.06,0.05,0.05,163.64,
0.00,0.06,0.05,0.05,163.64,
0.00,0.06,0.05,0.05,163.64,
0.00,0.06,0.05,0.05,163.64,
-5.00,0.06,0.05,0.05,163.64,
0.00,0.06,0.05,0.05,163.64,
0.00,0.06,0.05,0.05,163.64,
5.00,0.06,0.05,0.05,163.64,
5.00,0.06,0.05,0.05,163.64,
5.00,0.06,0.05,0.05,163.64,
5.00,0.06,0.05,0.05,163.64,
5.00,0.06,0.05,0.05,163.64,
5.00,0.06,0.05,0.05,163.64,
0.00,0.06,0.05,0.05,94.74,
0.00,0.06,0.05,0.05,94.74,
5.00,0.06,0.05,0.05,94.74,
0.00,0.06,0.06,0.05,600.00,
0.00,0.06,0.06,0.05,600.00,
5.00,0.06,0.06,0.05,600.00,
0.00,0.06,0.06,0.05,600.00,
5.00,0.06,0.06,0.05,600.00,
5.00,0.06,0.06,0.05,600.00,
5.00,0.06,0.06,0.05,600.00,
5.00,0.06,0.06,0.05,600.00,
5.00,0.06,0.06,0.05,600.00,
5.00,0.06,0.06,0.05,600.00,
5.00,0.06,0.06,0.05,600.00,
0.00,0.07,0.06,0.05,225.00,
5.00,0.07,0.06,0.05,225.00,
5.00,0.07,0.06,0.05,225.00,
0.00,0.07,0.07,0.05,600.00,
0.00,0.07,0.07,0.05,600.00,
0.00,0.07,0.07,0.05,600.00,
0.00,0.07,0.07,0.05,600.00,
0.00,0.07,0.07,0.05,600.00,
0.00,0.07,0.07,0.05,600.00,
0.00,0.07,0.07,0.05,600.00,
0.00,0.07,0.07,0.05,600.00,
0.00,0.07,0.07,0.05,600.00,
0.00,0.07,0.07,0.05,600.00,
0.00,0.07,0.07,0.05,600.00,
0.00,0.07,0.07,0.05,600.00,
0.00,0.07,0.07,0.05,600.00,
0.00,0.07,0.07,0.05,600.00,
0.00,0.07,0.07,0.05,600.00,
0.00,0.07,0.07,0.05,600.00,
0.00,0.07,0.07,0.05,600.00,
0.00,0.07,0.07,0.05,600.00,
0.00,0.07,0.07,0.05,600.00,
0.00,0.07,0.07,0.05,600.00,
0.00,0.07,0.07,0.05,600.00,
0.00,0.07,0.07,0.05,600.00,
0.00,0.07,0.07,0.05,600.00,
0.00,0.07,0.07,0.05,600.00,
0.00,0.07,0.07,0.05,600.00,
0.00,0.07,0.07,0.05,600.00,
0.00,0.07,0.07,0.05,600.00,
0.00,0.07,0.07,0.05,600.00,
0.00,0.07,0.07,0.05,600.00,
0.00,0.07,0.07,0.05,600.00,
0.00,0.07,0.07,0.05,600.00,
0.00,0.07,0.07,0.05,600.00,
0.00,0.07,0.07,0.05,600.00,
0.00,0.07,0.07,0.05,600.00,
0.00,0.07,0.07,0.05,600.00,
0.00,0.07,0.07,0.05,600.00,
0.00,0.07,0.07,0.05,600.00,
0.00,0.07,0.07,0.05,600.00,
0.00,0.07,0.07,0.05,600.00,
5.00,0.07,0.07,0.05,600.00,
5.00,0.07,0.07,0.05,600.00,
0.00,0.08,0.07,0.05,43.90,
0.00,0.08,0.07,0.05,43.90,
0.00,0.08,0.07,0.05,43.90,
0.00,0.08,0.07,0.05,43.90,
0.00,0.08,0.07,0.05,43.90,
0.00,0.08,0.07,0.05,43.90,
0.00,0.08,0.07,0.05,43.90,
0.00,0.08,0.07,0.05,43.90,
0.00,0.08,0.07,0.05,43.90,
0.00,0.08,0.07,0.05,43.90,
0.00,0.08,0.07,0.05,43.90,
0.00,0.08,0.07,0.05,43.90,
0.00,0.08,0.07,0.05,43.90,
0.00,0.08,0.07,0.05,43.90,
0.00,0.08,0.07,0.05,43.90,
0.00,0.08,0.07,0.05,43.90,
0.00,0.08,0.07,0.05,43.90,
0.00,0.08,0.07,0.05,43.90,
0.00,0.08,0.07,0.05,43.90,
0.00,0.08,0.07,0.05,43.90,
0.00,0.08,0.07,0.05,43.90,
0.00,0.08,0.07,0.05,43.90,
0.00,0.08,0.07,0.05,43.90,
0.00,0.08,0.07,0.05,43.90,
0.00,0.08,0.07,0.05,43.90,
0.00,0.08,0.07,0.05,43.90,
0.00,0.08,0.07,0.05,43.90,
0.00,0.08,0.07,0.05,43.90,
0.00,0.08,0.07,0.05,43.90,
0.00,0.08,0.07,0.05,43.90,
0.00,0.08,0.07,0.05,43.90,
0.00,0.08,0.07,0.05,43.90,
0.00,0.08,0.07,0.05,43.90,
0.00,0.08,0.07,0.05,43.90,
0.00,0.08,0.07,0.05,43.90,
0.00,0.08,0.07,0.05,43.90,
0.00,0.08,0.07,0.05,43.90,
0.00,0.08,0.07,0.05,43.90,
0.00,0.08,0.07,0.05,43.90,
0.00,0.08,0.07,0.05,43.90,
0.00,0.08,0.07,0.05,43.90,
0.00,0.08,0.07,0.05,43.90,
0.00,0.08,0.07,0.05,43.90,
0.00,0.08,0.07,0.05,43.90,
0.00,0.08,0.07,0.05,43.90,
0.00,0.08,0.07,0.05,43.90,
0.00,0.08,0.07,0.05,43.90,
0.00,0.08,0.07,0.05,43.90,
0.00,0.08,0.07,0.05,43.90,
0.00,0.08,0.07,0.05,43.90,
0.00,0.08,0.07,0.05,43.90,
0.00,0.08,0.07,0.05,43.90,
0.00,0.08,0.07,0.05,43.90,
0.00,0.08,0.07,0.05,43.90,
0.00,0.08,0.07,0.05,43.90,
0.00,0.08,0.07,0.05,43.90,
0.00,0.08,0.07,0.05,43.90,
0.00,0.08,0.07,0.05,43.90,
0.00,0.08,0.07,0.05,43.90,
0.00,0.08,0.07,0.05,43.90,
0.00,0.08,0.07,0.05,43.90,
0.00,0.08,0.07,0.05,43.90,
0.00,0.08,0.07,0.05,43.90,
0.00,0.08,0.07,0.05,43.90,
0.00,0.08,0.07,0.05,43.90,
0.00,0.08,0.07,0.05,43.90,
0.00,0.08,0.07,0.05,43.90,
0.00,0.08,0.07,0.05,43.90,
0.00,0.08,0.07,0.05,43.90,
0.00,0.08,0.07,0.05,43.90,
0.00,0.08,0.07,0.05,43.90,
0.00,0.08,0.07,0.05,43.90,
0.00,0.08,0.07,0.05,43.90,
0.00,0.08,0.07,0.05,43.90,
0.00,0.08,0.07,0.05,43.90,
0.00,0.08,0.07,0.05,43.90,
0.00,0.08,0.07,0.05,43.90,
0.00,0.08,0.07,0.05,43.90,
0.00,0.08,0.07,0.05,43.90,
0.00,0.08,0.07,0.05,43.90,
0.00,0.08,0.07,0.05,43.90,
0.00,0.08,0.07,0.05,43.90,
0.00,0.08,0.07,0.05,43.90,
0.00,0.08,0.07,0.05,43.90,
0.00,0.08,0.07,0.05,43.90,
0.00,0.08,0.07,0.05,43.90,
0.00,0.08,0.07,0.05,43.90,
0.00,0.08,0.07,0.05,43.90,
0.00,0.08,0.07,0.05,43.90,
0.00,0.08,0.07,0.05,43.90,
0.00,0.08,0.07,0.05,43.90,
0.00,0.08,0.07,0.05,43.90,
-5.00,0.08,0.07,0.05,43.90,
-5.00,0.08,0.07,0.05,43.90,
-5.00,0.08,0.07,0.05,43.90,
-5.00,0.08,0.07,0.05,43.90,
-5.00,0.08,0.07,0.05,43.90,
-5.00,0.08,0.07,0.05,43.90,
-5.00,0.08,0.07,0.05,43.90,
-5.00,0.08,0.07,0.05,43.90,
-5.00,0.08,0.07,0.05,43.90,
-5.00,0.08,0.07,0.05,43.90,
-5.00,0.08,0.07,0.05,43.90,
-5.00,0.08,0.07,0.05,43.90,
-5.00,0.08,0.07,0.05,43.90,
-5.00,0.08,0.07,0.05,43.90,
0.00,0.08,0.07,0.07,43.90,
0.00,0.08,0.07,0.07,43.90,
0.00,0.08,0.07,0.07,43.90,
0.00,0.08,0.07,0.07,43.90,
0.00,0.08,0.07,0.07,43.90,
0.00,0.08,0.07,0.07,43.90,
0.00,0.08,0.07,0.07,43.90,
0.00,0.08,0.07,0.07,43.90,
0.00,0.08,0.07,0.07,43.90,
0.00,0.08,0.07,0.07,43.90,
0.00,0.08,0.07,0.07,43.90,
0.00,0.08,0.07,0.07,43.90,
0.00,0.08,0.07,0.07,43.90,
0.00,0.08,0.07,0.07,43.90,
0.00,0.08,0.07,0.07,43.90,
0.00,0.08,0.07,0.07,43.90,
0.00,0.08,0.07,0.07,43.90,
0.00,0.08,0.07,0.07,43.90,
0.00,0.08,0.07,0.07,43.90,
0.00,0.08,0.07,0.07,43.90,
0.00,0.08,0.07,0.07,43.90,
0.00,0.08,0.07,0.07,43.90,
0.00,0.08,0.07,0.07,43.90,
0.00,0.08,0.07,0.07,43.90,
0.00,0.08,0.07,0.07,43.90,
0.00,0.08,0.07,0.07,43.90,
0.00,0.08,0.07,0.07,43.90,
0.00,0.08,0.07,0.07,43.90,
0.00,0.08,0.07,0.07,43.90,
0.00,0.08,0.07,0.07,43.90,
0.00,0.08,0.07,0.07,43.90,
0.00,0.08,0.07,0.07,43.90,
0.00,0.08,0.07,0.07,43.90,
0.00,0.08,0.07,0.07,43.90,
0.00,0.08,0.07,0.07,43.90,
0.00,0.08,0.07,0.07,43.90,
0.00,0.08,0.07,0.07,43.90,
0.00,0.08,0.07,0.07,43.90,
0.00,0.08,0.07,0.07,43.90,
0.00,0.08,0.07,0.07,43.90,
0.00,0.08,0.07,0.07,43.90,
0.00,0.08,0.07,0.07,43.90,
0.00,0.08,0.07,0.07,43.90,
0.00,0.08,0.07,0.07,43.90,
0.00,0.08,0.07,0.07,43.90,
0.00,0.08,0.07,0.07,43.90,
0.00,0.08,0.07,0.07,43.90,
0.00,0.08,0.07,0.07,43.90,
0.00,0.08,0.07,0.07,43.90,
0.00,0.08,0.07,0.07,43.90,
0.00,0.08,0.07,0.07,43.90,
0.00,0.08,0.07,0.07,43.90,
0.00,0.08,0.07,0.07,43.90,
0.00,0.08,0.07,0.07,43.90,
0.00,0.08,0.07,0.07,43.90,
0.00,0.08,0.07,0.07,43.90,
0.00,0.08,0.07,0.07,43.90,
0.00,0.08,0.07,0.07,43.90,
0.00,0.08,0.07,0.07,43.90,
0.00,0.08,0.07,0.07,43.90,
0.00,0.08,0.07,0.07,43.90,
0.00,0.08,0.07,0.07,43.90,
0.00,0.08,0.07,0.07,43.90,
0.00,0.08,0.07,0.07,43.90,
0.00,0.08,0.07,0.07,43.90,
0.00,0.08,0.07,0.07,43.90,
0.00,0.08,0.07,0.07,43.90,
0.00,0.08,0.07,0.07,43.90,
0.00,0.08,0.07,0.07,43.90,
0.00,0.08,0.07,0.07,43.90,
0.00,0.08,0.07,0.07,43.90,
5.00,0.08,0.07,0.07,43.90,
5.00,0.08,0.07,0.07,43.90,
5.00,0.08,0.07,0.07,43.90,
5.00,0.08,0.07,0.07,43.90,
5.00,0.08,0.07,0.07,43.90,
5.00,0.08,0.07,0.07,43.90,
5.00,0.08,0.07,0.07,43.90,
5.00,0.08,0.07,0.07,43.90,
5.00,0.08,0.07,0.07,43.90,
5.00,0.08,0.07,0.07,43.90,
5.00,0.08,0.07,0.07,43.90,
5.00,0.08,0.07,0.07,43.90,
5.00,0.08,0.07,0.07,43.90,
5.00,0.08,0.07,0.07,43.90,
0.00,4.98,1.18,0.07,9.42,
0.00,4.98,1.18,0.07,9.42,
0.00,4.98,1.18,0.07,9.42,
0.00,4.98,1.18,0.07,9.42,
0.00,4.98,1.18,0.07,9.42,
0.00,4.98,1.18,0.07,9.42,
0.00,4.98,1.18,0.07,9.42,
0.00,4.98,1.18,0.07,9.42,
0.00,4.98,1.18,0.07,9.42,
0.00,4.98,1.18,0.07,9.42,
0.00,4.98,1.18,0.07,9.42,
0.00,4.98,1.18,0.07,9.42,
0.00,4.98,1.18,0.07,9.42,
0.00,4.98,1.18,0.07,9.42,
-5.00,4.98,1.18,0.07,9.42,
-5.00,4.98,1.18,0.07,9.42,
-5.00,4.98,1.18,0.07,9.42,
-5.00,4.98,1.18,0.07,9.42,
-5.00,4.98,1.18,0.07,9.42,
-5.00,4.98,1.18,0.07,9.42,
-5.00,4.98,1.18,0.07,9.42,
-5.00,4.98,1.18,0.07,9.42,
-5.00,4.98,1.18,0.07,9.42,
-5.00,4.98,1.18,0.07,9.42,
-5.00,4.98,1.18,0.07,9.42,
-5.00,4.98,1.18,0.07,9.42,
-5.00,4.98,1.18,0.07,9.42,
-5.00,4.98,1.18,0.07,9.42,
-5.00,4.98,1.18,0.07,9.42,
-5.00,4.98,1.18,0.07,9.42,
0.00,4.98,1.18,0.07,9.42,
0.00,4.98,1.18,0.07,9.42,
0.00,4.98,1.18,0.07,9.42,
0.00,4.98,1.18,0.07,9.42,
0.00,4.98,1.18,0.07,9.42,
0.00,4.98,1.18,0.07,9.42,
0.00,4.98,1.18,0.07,9.42,
0.00,4.98,1.18,0.07,9.42,
0.00,4.98,1.18,0.07,9.42,
0.00,4.98,1.18,0.07,9.42,
-5.00,4.98,1.18,0.07,9.42,
0.00,4.98,1.18,0.04,9.42,
0.00,4.98,1.18,0.04,9.42,
0.00,4.98,1.18,0.04,9.42,
5.00,4.98,1.18,0.04,9.42,
0.00,0.07,2.18,0.04,40.00,
0.00,0.07,2.18,0.04,40.00,
0.00,0.07,2.18,0.04,40.00,
0.00,0.07,2.18,0.04,40.00,
0.00,0.07,2.18,0.04,40.00,
0.00,0.07,2.18,0.04,40.00,
0.00,0.07,2.18,0.04,40.00,
0.00,0.07,2.18,0.04,40.00,
0.00,0.07,2.18,0.04,40.00,
0.00,0.07,2.18,0.04,40.00,
0.00,0.07,2.18,0.04,40.00,
0.00,0.07,2.18,0.04,40.00,
0.00,0.07,2.18,0.04,40.00,
0.00,0.07,2.18,0.04,40.00,
0.00,0.07,2.18,0.04,40.00,
0.00,0.07,2.18,0.04,40.00,
0.00,0.07,2.18,0.04,40.00,
0.00,0.07,2.18,0.04,40.00,
0.00,0.07,2.18,0.04,40.00,
0.00,0.07,2.18,0.04,40.00,
0.00,0.07,2.18,0.04,40.00,
0.00,0.07,2.18,0.04,40.00,
0.00,0.07,2.18,0.04,40.00,
0.00,0.07,2.18,0.04,40.00,
0.00,0.07,2.18,0.04,40.00,
0.00,0.07,2.18,0.04,40.00,
0.00,0.07,2.18,0.04,40.00,
0.00,0.07,2.18,0.04,40.00,
0.00,0.07,2.18,0.04,40.00,
0.00,0.07,2.18,0.04,40.00,
0.00,0.07,2.18,0.04,40.00,
0.00,0.07,2.18,0.04,40.00,
0.00,0.07,2.18,0.04,40.00,
0.00,0.07,2.18,0.04,40.00,
0.00,0.07,2.18,0.04,40.00,
0.00,0.07,2.18,0.04,40.00,
0.00,0.07,2.18,0.04,40.00,
0.00,0.07,2.18,0.04,40.00,
0.00,0.07,2.18,0.04,40.00,
0.00,0.07,2.18,0.04,40.00,
0.00,0.07,2.18,0.04,40.00,
0.00,0.07,2.18,0.04,40.00,
0.00,0.07,2.18,0.04,40.00,
0.00,0.07,2.18,0.04,40.00,
0.00,0.07,2.18,0.04,40.00,
0.00,0.07,2.18,0.04,40.00,
0.00,0.07,2.18,0.04,40.00,
0.00,0.07,2.18,0.04,40.00,
5.00,0.07,2.18,0.04,40.00,
5.00,0.07,2.18,0.04,40.00,
5.00,0.07,2.18,0.04,40.00,
5.00,0.07,2.18,0.04,40.00,
5.00,0.07,2.18,0.04,40.00,
5.00,0.07,2.18,0.04,40.00,
5.00,0.07,2.18,0.04,40.00,
5.00,0.07,2.18,0.04,40.00,
5.00,0.07,2.18,0.04,40.00,
5.00,0.07,2.18,0.04,40.00,
5.00,0.07,2.18,0.04,40.00,
5.00,0.07,2.18,0.04,40.00,
5.00,0.07,2.18,0.04,40.00,
5.00,0.07,2.18,0.04,40.00,
5.00,0.07,2.18,0.04,40.00,
5.00,0.07,2.18,0.04,40.00,
5.00,0.07,2.18,0.04,40.00,
0.00,4.99,0.78,0.04,27.69,
0.00,4.99,0.78,0.04,27.69,
0.00,4.99,0.78,0.04,27.69,
0.00,4.99,0.78,0.04,27.69,
0.00,4.99,0.78,0.04,27.69,
0.00,4.99,0.78,0.04,27.69,
0.00,4.99,0.78,0.04,27.69,
0.00,4.99,0.78,0.04,27.69,
0.00,4.99,0.78,0.04,27.69,
0.00,4.99,0.78,0.04,27.69,
0.00,4.99,0.78,0.04,27.69,
0.00,4.99,0.78,0.04,27.69,
0.00,4.99,0.78,0.04,27.69,
0.00,4.99,0.78,0.04,27.69,
-5.00,4.99,0.78,0.04,27.69,
-5.00,4.99,0.78,0.04,27.69,
-5.00,4.99,0.78,0.04,27.69,
-5.00,4.99,0.78,0.04,27.69,
-5.00,4.99,0.78,0.04,27.69,
-5.00,4.99,0.78,0.04,27.69,
-5.00,4.99,0.78,0.04,27.69,
-5.00,4.99,0.78,0.04,27.69,
-5.00,4.99,0.78,0.04,27.69,
-5.00,4.99,0.78,0.04,27.69,
-5.00,4.99,0.78,0.04,27.69,
-5.00,4.99,0.78,0.04,27.69,
-5.00,4.99,0.78,0.04,27.69,
-5.00,4.99,0.78,0.04,27.69,
-5.00,4.99,0.78,0.04,27.69,
0.00,4.99,0.78,0.07,27.69,
0.00,4.99,0.78,0.07,27.69,
0.00,4.99,0.78,0.07,27.69,
0.00,4.99,0.78,0.07,27.69,
0.00,4.99,0.78,0.07,27.69,
0.00,4.99,0.78,0.07,27.69,
0.00,4.99,0.78,0.07,27.69,
0.00,4.99,0.78,0.07,27.69,
0.00,4.99,0.78,0.07,27.69,
0.00,4.99,0.78,0.07,27.69,
0.00,4.99,0.78,0.07,27.69,
0.00,4.99,0.78,0.07,27.69,
0.00,4.99,0.78,0.07,27.69,
0.00,4.99,0.78,0.07,27.69,
0.00,4.99,0.78,0.07,27.69,
0.00,4.99,0.78,0.07,27.69,
0.00,4.99,0.78,0.07,27.69,
0.00,4.99,0.78,0.07,27.69,
0.00,4.99,0.78,0.07,27.69,
0.00,4.99,0.78,0.07,27.69,
0.00,4.99,0.78,0.07,27.69,
0.00,4.99,0.78,0.07,27.69,
0.00,4.99,0.78,0.07,27.69,
0.00,4.99,0.78,0.07,27.69,
0.00,4.99,0.78,0.07,27.69,
0.00,4.99,0.78,0.07,27.69,
0.00,4.99,0.78,0.07,27.69,
0.00,4.99,0.78,0.07,27.69,
0.00,4.99,0.78,0.07,27.69,
0.00,4.99,0.78,0.07,27.69,
0.00,4.99,0.78,0.07,27.69,
0.00,4.99,0.78,0.07,27.69,
0.00,4.99,0.78,0.07,27.69,
0.00,4.99,0.78,0.07,27.69,
0.00,4.99,0.78,0.07,27.69,
0.00,4.99,0.78,0.07,27.69,
0.00,4.99,0.78,0.07,27.69,
0.00,4.99,0.78,0.07,27.69,
0.00,4.99,0.78,0.07,27.69,
0.00,4.99,0.78,0.07,27.69,
0.00,4.99,0.78,0.07,27.69,
0.00,4.99,0.78,0.07,27.69,
0.00,4.99,0.78,0.07,27.69,
0.00,4.99,0.78,0.07,27.69,
0.00,4.99,0.78,0.07,27.69,
0.00,4.99,0.78,0.07,27.69,
0.00,4.99,0.78,0.07,27.69,
0.00,4.99,0.78,0.07,27.69,
0.00,4.99,0.78,0.07,27.69,
0.00,4.99,0.78,0.07,27.69,
0.00,4.99,0.78,0.07,27.69,
0.00,4.99,0.78,0.07,27.69,
0.00,4.99,0.78,0.07,27.69,
0.00,4.99,0.78,0.07,27.69,
0.00,4.99,0.78,0.07,27.69,
0.00,4.99,0.78,0.07,27.69,
0.00,4.99,0.78,0.07,27.69,
0.00,4.99,0.78,0.07,27.69,
0.00,4.99,0.78,0.07,27.69,
0.00,4.99,0.78,0.07,27.69,
0.00,4.99,0.78,0.07,27.69,
0.00,4.99,0.78,0.07,27.69,
0.00,4.99,0.78,0.07,27.69,
0.00,4.99,0.78,0.07,27.69,
0.00,4.99,0.78,0.07,27.69,
0.00,4.99,0.78,0.07,27.69,
0.00,4.99,0.78,0.07,27.69,
0.00,4.99,0.78,0.07,27.69,
0.00,4.99,0.78,0.07,27.69,
0.00,4.99,0.78,0.07,27.69,
0.00,4.99,0.78,0.07,27.69,
5.00,4.99,0.78,0.07,27.69,
5.00,4.99,0.78,0.07,27.69,
5.00,4.99,0.78,0.07,27.69,
5.00,4.99,0.78,0.07,27.69,
5.00,4.99,0.78,0.07,27.69,
5.00,4.99,0.78,0.07,27.69,
5.00,4.99,0.78,0.07,27.69,
5.00,4.99,0.78,0.07,27.69,
5.00,4.99,0.78,0.07,27.69,
5.00,4.99,0.78,0.07,27.69,
5.00,4.99,0.78,0.07,27.69,
5.00,4.99,0.78,0.07,27.69,
5.00,4.99,0.78,0.07,27.69,
5.00,4.99,0.78,0.07,27.69,
5.00,4.99,0.78,0.07,27.69,
0.00,4.98,1.24,0.07,15.65,
0.00,4.98,1.24,0.07,15.65,
0.00,4.98,1.24,0.07,15.65,
0.00,4.98,1.24,0.07,15.65,
0.00,4.98,1.24,0.07,15.65,
0.00,4.98,1.24,0.07,15.65,
0.00,4.98,1.24,0.07,15.65,
0.00,4.98,1.24,0.07,15.65,
0.00,4.98,1.24,0.07,15.65,
0.00,4.98,1.24,0.07,15.65,
0.00,4.98,1.24,0.07,15.65,
0.00,4.98,1.24,0.07,15.65,
0.00,4.98,1.24,0.07,15.65,
0.00,4.98,1.24,0.07,15.65,
-5.00,4.98,1.24,0.07,15.65,
-5.00,4.98,1.24,0.07,15.65,
-5.00,4.98,1.24,0.07,15.65,
-5.00,4.98,1.24,0.07,15.65,
-5.00,4.98,1.24,0.07,15.65,
-5.00,4.98,1.24,0.07,15.65,
-5.00,4.98,1.24,0.07,15.65,
-5.00,4.98,1.24,0.07,15.65,
-5.00,4.98,1.24,0.07,15.65,
-5.00,4.98,1.24,0.07,15.65,
-5.00,4.98,1.24,0.07,15.65,
-5.00,4.98,1.24,0.07,15.65,
-5.00,4.98,1.24,0.07,15.65,
-5.00,4.98,1.24,0.07,15.65,
-5.00,4.98,1.24,0.07,15.65,
0.00,4.98,1.24,0.08,15.65,
0.00,4.98,1.24,0.08,15.65,
0.00,4.98,1.24,0.08,15.65,
0.00,4.98,1.24,0.08,15.65,
0.00,4.98,1.24,0.08,15.65,
0.00,4.98,1.24,0.08,15.65,
0.00,4.98,1.24,0.08,15.65,
0.00,4.98,1.24,0.08,15.65,
0.00,4.98,1.24,0.08,15.65,
0.00,4.98,1.24,0.08,15.65,
0.00,4.98,1.24,0.08,15.65,
0.00,4.98,1.24,0.08,15.65,
0.00,4.98,1.24,0.08,15.65,
0.00,4.98,1.24,0.08,15.65,
0.00,4.98,1.24,0.08,15.65,
0.00,4.98,1.24,0.08,15.65,
0.00,4.98,1.24,0.08,15.65,
0.00,4.98,1.24,0.08,15.65,
0.00,4.98,1.24,0.08,15.65,
0.00,4.98,1.24,0.08,15.65,
0.00,4.98,1.24,0.08,15.65,
0.00,4.98,1.24,0.08,15.65,
0.00,4.98,1.24,0.08,15.65,
0.00,4.98,1.24,0.08,15.65,
0.00,4.98,1.24,0.08,15.65,
0.00,4.98,1.24,0.08,15.65,
0.00,4.98,1.24,0.08,15.65,
0.00,4.98,1.24,0.08,15.65,
0.00,4.98,1.24,0.08,15.65,
0.00,4.98,1.24,0.08,15.65,
0.00,4.98,1.24,0.08,15.65,
0.00,4.98,1.24,0.08,15.65,
0.00,4.98,1.24,0.08,15.65,
0.00,4.98,1.24,0.08,15.65,
0.00,4.98,1.24,0.08,15.65,
0.00,4.98,1.24,0.08,15.65,
0.00,4.98,1.24,0.08,15.65,
0.00,4.98,1.24,0.08,15.65,
0.00,4.98,1.24,0.08,15.65,
0.00,4.98,1.24,0.08,15.65,
0.00,4.98,1.24,0.08,15.65,
0.00,4.98,1.24,0.08,15.65,
0.00,4.98,1.24,0.08,15.65,
0.00,4.98,1.24,0.08,15.65,
0.00,4.98,1.24,0.08,15.65,
0.00,4.98,1.24,0.08,15.65,
0.00,4.98,1.24,0.08,15.65,
0.00,4.98,1.24,0.08,15.65,
0.00,4.98,1.24,0.08,15.65,
0.00,4.98,1.24,0.08,15.65,
0.00,4.98,1.24,0.08,15.65,
0.00,4.98,1.24,0.08,15.65,
0.00,4.98,1.24,0.08,15.65,
0.00,4.98,1.24,0.08,15.65,
0.00,4.98,1.24,0.08,15.65,
0.00,4.98,1.24,0.08,15.65,
0.00,4.98,1.24,0.08,15.65,
0.00,4.98,1.24,0.08,15.65,
0.00,4.98,1.24,0.08,15.65,
0.00,4.98,1.24,0.08,15.65,
0.00,4.98,1.24,0.08,15.65,
0.00,4.98,1.24,0.08,15.65,
0.00,4.98,1.24,0.08,15.65,
0.00,4.98,1.24,0.08,15.65,
0.00,4.98,1.24,0.08,15.65,
0.00,4.98,1.24,0.08,15.65,
0.00,4.98,1.24,0.08,15.65,
0.00,4.98,1.24,0.08,15.65,
0.00,4.98,1.24,0.08,15.65,
0.00,4.98,1.24,0.08,15.65,
5.00,4.98,1.24,0.08,15.65,
5.00,4.98,1.24,0.08,15.65,
5.00,4.98,1.24,0.08,15.65,
5.00,4.98,1.24,0.08,15.65,
5.00,4.98,1.24,0.08,15.65,
5.00,4.98,1.24,0.08,15.65,
5.00,4.98,1.24,0.08,15.65,
5.00,4.98,1.24,0.08,15.65,
5.00,4.98,1.24,0.08,15.65,
5.00,4.98,1.24,0.08,15.65,
5.00,4.98,1.24,0.08,15.65,
5.00,4.98,1.24,0.08,15.65,
5.00,4.98,1.24,0.08,15.65,
5.00,4.98,1.24,0.08,15.65,
5.00,4.98,1.24,0.08,15.65,
5.00,4.98,1.24,0.08,15.65,
0.00,4.99,1.31,0.08,15.65,
0.00,4.99,1.31,0.08,15.65,
0.00,4.99,1.31,0.08,15.65,
0.00,4.99,1.31,0.08,15.65,
0.00,4.99,1.31,0.08,15.65,
0.00,4.99,1.31,0.08,15.65,
0.00,4.99,1.31,0.08,15.65,
0.00,4.99,1.31,0.08,15.65,
0.00,4.99,1.31,0.08,15.65,
0.00,4.99,1.31,0.08,15.65,
0.00,4.99,1.31,0.08,15.65,
0.00,4.99,1.31,0.08,15.65,
-5.00,4.99,1.31,0.08,15.65,
-5.00,4.99,1.31,0.08,15.65,
-5.00,4.99,1.31,0.08,15.65,
-5.00,4.99,1.31,0.08,15.65,
-5.00,4.99,1.31,0.08,15.65,
-5.00,4.99,1.31,0.08,15.65,
-5.00,4.99,1.31,0.08,15.65,
-5.00,4.99,1.31,0.08,15.65,
-5.00,4.99,1.31,0.08,15.65,
-5.00,4.99,1.31,0.08,15.65,
-5.00,4.99,1.31,0.08,15.65,
-5.00,4.99,1.31,0.08,15.65,
-5.00,4.99,1.31,0.08,15.65,
-5.00,4.99,1.31,0.08,15.65,
-5.00,4.99,1.31,0.08,15.65,
-5.00,4.99,1.31,0.08,15.65,
-5.00,4.99,1.31,0.08,15.65,
-5.00,4.99,1.31,0.08,15.65,
-5.00,4.99,1.31,0.08,15.65,
-5.00,4.99,1.31,0.08,15.65,
-5.00,4.99,1.31,0.08,15.65,
0.00,4.99,1.31,0.06,15.65,
0.00,4.99,1.31,0.06,15.65,
0.00,4.99,1.31,0.06,15.65,
0.00,4.99,1.31,0.06,15.65,
0.00,4.99,1.31,0.06,15.65,
0.00,4.99,1.31,0.06,15.65,
0.00,4.99,1.31,0.06,15.65,
0.00,4.99,1.31,0.06,15.65,
0.00,4.99,1.31,0.06,15.65,
0.00,4.99,1.31,0.06,15.65,
0.00,4.99,1.31,0.06,15.65,
0.00,4.99,1.31,0.06,15.65,
0.00,4.99,1.31,0.06,15.65,
0.00,4.99,1.31,0.06,15.65,
0.00,4.99,1.31,0.06,15.65,
0.00,4.99,1.31,0.06,15.65,
0.00,4.99,1.31,0.06,15.65,
-5.00,4.99,1.31,0.06,15.65,
-5.00,4.99,1.31,0.06,15.65,
0.00,4.99,1.31,0.04,15.65,
0.00,4.99,1.31,0.04,15.65,
0.00,4.99,1.31,0.04,15.65,
0.00,4.99,1.31,0.04,15.65,
0.00,4.99,1.31,0.04,15.65,
0.00,4.99,1.31,0.04,15.65,
0.00,4.99,1.31,0.04,15.65,
0.00,4.99,1.31,0.04,15.65,
0.00,4.99,1.31,0.04,15.65,
0.00,4.99,1.31,0.04,15.65,
0.00,4.99,1.31,0.04,15.65,
0.00,4.99,1.31,0.04,15.65,
0.00,4.99,1.31,0.04,15.65,
0.00,4.99,1.31,0.04,15.65,
0.00,4.99,1.31,0.04,15.65,
0.00,4.99,1.31,0.04,15.65,
0.00,4.99,1.31,0.04,15.65,
0.00,4.99,1.31,0.04,15.65,
0.00,4.99,1.31,0.04,15.65,
0.00,4.99,1.31,0.04,15.65,
0.00,4.99,1.31,0.04,15.65,
0.00,4.99,1.31,0.04,15.65,
0.00,4.99,1.31,0.04,15.65,
0.00,4.99,1.31,0.04,15.65,
0.00,4.99,1.31,0.04,15.65,
0.00,4.99,1.31,0.04,15.65,
0.00,4.99,1.31,0.04,15.65,
0.00,4.99,1.31,0.04,15.65,
0.00,4.99,1.31,0.04,15.65,
0.00,4.99,1.31,0.04,15.65,
0.00,4.99,1.31,0.04,15.65,
0.00,4.99,1.31,0.04,15.65,
0.00,4.99,1.31,0.04,15.65,
0.00,4.99,1.31,0.04,15.65,
0.00,4.99,1.31,0.04,15.65,
0.00,4.99,1.31,0.04,15.65,
0.00,4.99,1.31,0.04,15.65,
0.00,4.99,1.31,0.04,15.65,
0.00,4.99,1.31,0.04,15.65,
0.00,4.99,1.31,0.04,15.65,
0.00,4.99,1.31,0.04,15.65,
0.00,4.99,1.31,0.04,15.65,
0.00,4.99,1.31,0.04,15.65,
0.00,4.99,1.31,0.04,15.65,
0.00,4.99,1.31,0.04,15.65,
0.00,4.99,1.31,0.04,15.65,
0.00,4.99,1.31,0.04,15.65,
0.00,4.99,1.31,0.04,15.65,
0.00,4.99,1.31,0.04,15.65,
0.00,4.99,1.31,0.04,15.65,
0.00,4.99,1.31,0.04,15.65,
0.00,4.99,1.31,0.04,15.65,
0.00,4.99,1.31,0.04,15.65,
0.00,4.99,1.31,0.04,15.65,
0.00,4.99,1.31,0.04,15.65,
0.00,4.99,1.31,0.04,15.65,
0.00,4.99,1.31,0.04,15.65,
0.00,4.99,1.31,0.04,15.65,
0.00,4.99,1.31,0.04,15.65,
0.00,4.99,1.31,0.04,15.65,
0.00,4.99,1.31,0.04,15.65,
0.00,4.99,1.31,0.04,15.65,
0.00,4.99,1.31,0.04,15.65,
5.00,4.99,1.31,0.04,15.65,
5.00,4.99,1.31,0.04,15.65,
5.00,4.99,1.31,0.04,15.65,
5.00,4.99,1.31,0.04,15.65,
5.00,4.99,1.31,0.04,15.65,
5.00,4.99,1.31,0.04,15.65,
5.00,4.99,1.31,0.04,15.65,
5.00,4.99,1.31,0.04,15.65,
5.00,4.99,1.31,0.04,15.65,
5.00,4.99,1.31,0.04,15.65,
5.00,4.99,1.31,0.04,15.65,
5.00,4.99,1.31,0.04,15.65,
5.00,4.99,1.31,0.04,15.65,
5.00,4.99,1.31,0.04,15.65,
5.00,4.99,1.31,0.04,15.65,
5.00,4.99,1.31,0.04,15.65,
5.00,4.99,1.31,0.04,15.65,
5.00,4.99,1.31,0.04,15.65,
5.00,4.99,1.31,0.04,15.65,
5.00,4.99,1.31,0.04,15.65,
5.00,4.99,1.31,0.04,15.65,
5.00,4.99,1.31,0.04,15.65,
5.00,4.99,1.31,0.04,15.65,
5.00,4.99,1.31,0.04,15.65,
5.00,4.99,1.31,0.04,15.65,
5.00,4.99,1.31,0.04,15.65,
5.00,4.99,1.31,0.04,15.65,
5.00,4.99,1.31,0.04,15.65,
5.00,4.99,1.31,0.04,15.65,
5.00,4.99,1.31,0.04,15.65,
5.00,4.99,1.31,0.04,15.65,
5.00,4.99,1.31,0.04,15.65,
5.00,4.99,1.31,0.04,15.65,
5.00,4.99,1.31,0.04,15.65,
5.00,4.99,1.31,0.04,15.65,
5.00,4.99,1.31,0.04,15.65,
5.00,4.99,1.31,0.04,15.65,
5.00,4.99,1.31,0.04,15.65,
5.00,4.99,1.31,0.04,15.65,
0.00,4.99,1.19,0.04,11.69,
0.00,4.99,1.19,0.04,11.69,
0.00,4.99,1.19,0.04,11.69,
0.00,4.99,1.19,0.04,11.69,
0.00,4.99,1.19,0.04,11.69,
0.00,4.99,1.19,0.04,11.69,
0.00,4.99,1.19,0.04,11.69,
0.00,4.99,1.19,0.04,11.69,
0.00,4.99,1.19,0.04,11.69,
0.00,4.99,1.19,0.04,11.69,
0.00,4.99,1.19,0.04,11.69,
0.00,4.99,1.19,0.04,11.69,
0.00,4.99,1.19,0.04,11.69,
0.00,4.99,1.19,0.04,11.69,
0.00,4.99,1.19,0.04,11.69,
0.00,4.99,1.19,0.04,11.69,
0.00,4.99,1.19,0.04,11.69,
0.00,4.99,1.19,0.04,11.69,
-5.00,4.99,1.19,0.04,11.69,
-5.00,4.99,1.19,0.04,11.69,
-5.00,4.99,1.19,0.04,11.69,
-5.00,4.99,1.19,0.04,11.69,
-5.00,4.99,1.19,0.04,11.69,
-5.00,4.99,1.19,0.04,11.69,
-5.00,4.99,1.19,0.04,11.69,
-5.00,4.99,1.19,0.04,11.69,
-5.00,4.99,1.19,0.04,11.69,
-5.00,4.99,1.19,0.04,11.69,
-5.00,4.99,1.19,0.04,11.69,
-5.00,4.99,1.19,0.04,11.69,
-5.00,4.99,1.19,0.04,11.69,
-5.00,4.99,1.19,0.04,11.69,
-5.00,4.99,1.19,0.04,11.69,
-5.00,4.99,1.19,0.04,11.69,
0.00,4.99,1.19,0.08,11.69,
0.00,4.99,1.19,0.08,11.69,
0.00,4.99,1.19,0.08,11.69,
0.00,4.99,1.19,0.08,11.69,
0.00,4.99,1.19,0.08,11.69,
0.00,4.99,1.19,0.08,11.69,
0.00,4.99,1.19,0.08,11.69,
0.00,4.99,1.19,0.08,11.69,
0.00,4.99,1.19,0.08,11.69,
0.00,4.99,1.19,0.08,11.69,
0.00,4.99,1.19,0.08,11.69,
0.00,4.99,1.19,0.08,11.69,
0.00,4.99,1.19,0.08,11.69,
0.00,4.99,1.19,0.08,11.69,
0.00,4.99,1.19,0.08,11.69,
0.00,4.99,1.19,0.08,11.69,
0.00,4.99,1.19,0.08,11.69,
0.00,4.99,1.19,0.08,11.69,
0.00,4.99,1.19,0.08,11.69,
0.00,4.99,1.19,0.08,11.69,
0.00,4.99,1.19,0.08,11.69,
0.00,4.99,1.19,0.08,11.69,
0.00,4.99,1.19,0.08,11.69,
0.00,4.99,1.19,0.08,11.69,
0.00,4.99,1.19,0.08,11.69,
0.00,4.99,1.19,0.08,11.69,
0.00,4.99,1.19,0.08,11.69,
0.00,4.99,1.19,0.08,11.69,
0.00,4.99,1.19,0.08,11.69,
0.00,4.99,1.19,0.08,11.69,
0.00,4.99,1.19,0.08,11.69,
0.00,4.99,1.19,0.08,11.69,
0.00,4.99,1.19,0.08,11.69,
0.00,4.99,1.19,0.08,11.69,
0.00,4.99,1.19,0.08,11.69,
0.00,4.99,1.19,0.08,11.69,
0.00,4.99,1.19,0.08,11.69,
0.00,4.99,1.19,0.08,11.69,
5.00,4.99,1.19,0.08,11.69,
0.00,0.07,1.69,0.08,24.66,
0.00,0.07,1.69,0.08,24.66,
0.00,0.07,1.69,0.08,24.66,
0.00,0.07,1.69,0.08,24.66,
0.00,0.07,1.69,0.08,24.66,
0.00,0.07,1.69,0.08,24.66,
0.00,0.07,1.69,0.08,24.66,
0.00,0.07,1.69,0.08,24.66,
0.00,0.07,1.69,0.08,24.66,
0.00,0.07,1.69,0.08,24.66,
0.00,0.07,1.69,0.08,24.66,
0.00,0.07,1.69,0.08,24.66,
0.00,0.07,1.69,0.08,24.66,
0.00,0.07,1.69,0.08,24.66,
0.00,0.07,1.69,0.08,24.66,
0.00,0.07,1.69,0.08,24.66,
0.00,0.07,1.69,0.08,24.66,
0.00,0.07,1.69,0.08,24.66,
0.00,0.07,1.69,0.08,24.66,
0.00,0.07,1.69,0.08,24.66,
0.00,0.07,1.69,0.08,24.66,
0.00,0.07,1.69,0.08,24.66,
0.00,0.07,1.69,0.08,24.66,
0.00,0.07,1.69,0.08,24.66,
0.00,0.07,1.69,0.08,24.66,
0.00,0.07,1.69,0.08,24.66,
0.00,0.07,1.69,0.08,24.66,
0.00,0.07,1.69,0.08,24.66,
0.00,0.07,1.69,0.08,24.66,
0.00,0.07,1.69,0.08,24.66,
0.00,0.07,1.69,0.08,24.66,
0.00,0.07,1.69,0.08,24.66,
5.00,0.07,1.69,0.08,24.66,
5.00,0.07,1.69,0.08,24.66,
5.00,0.07,1.69,0.08,24.66,
5.00,0.07,1.69,0.08,24.66,
5.00,0.07,1.69,0.08,24.66,
5.00,0.07,1.69,0.08,24.66,
5.00,0.07,1.69,0.08,24.66,
5.00,0.07,1.69,0.08,24.66,
5.00,0.07,1.69,0.08,24.66,
5.00,0.07,1.69,0.08,24.66,
5.00,0.07,1.69,0.08,24.66,
5.00,0.07,1.69,0.08,24.66,
5.00,0.07,1.69,0.08,24.66,
5.00,0.07,1.69,0.08,24.66,
5.00,0.07,1.69,0.08,24.66,
5.00,0.07,1.69,0.08,24.66,
0.00,4.99,1.14,0.08,37.50,
0.00,4.99,1.14,0.08,37.50,
0.00,4.99,1.14,0.08,37.50,
0.00,4.99,1.14,0.08,37.50,
0.00,4.99,1.14,0.08,37.50,
0.00,4.99,1.14,0.08,37.50,
0.00,4.99,1.14,0.08,37.50,
0.00,4.99,1.14,0.08,37.50,
0.00,4.99,1.14,0.08,37.50,
0.00,4.99,1.14,0.08,37.50,
-5.00,4.99,1.14,0.08,37.50,
-5.00,4.99,1.14,0.08,37.50,
-5.00,4.99,1.14,0.08,37.50,
-5.00,4.99,1.14,0.08,37.50,
-5.00,4.99,1.14,0.08,37.50,
-5.00,4.99,1.14,0.08,37.50,
-5.00,4.99,1.14,0.08,37.50,
-5.00,4.99,1.14,0.08,37.50,
-5.00,4.99,1.14,0.08,37.50,
-5.00,4.99,1.14,0.08,37.50,
-5.00,4.99,1.14,0.08,37.50,
-5.00,4.99,1.14,0.08,37.50,
-5.00,4.99,1.14,0.08,37.50,
-5.00,4.99,1.14,0.08,37.50,
-5.00,4.99,1.14,0.08,37.50,
0.00,4.99,1.14,0.06,37.50,
0.00,4.99,1.14,0.06,37.50,
0.00,4.99,1.14,0.06,37.50,
0.00,4.99,1.14,0.06,37.50,
0.00,4.99,1.14,0.06,37.50,
0.00,4.99,1.14,0.06,37.50,
0.00,4.99,1.14,0.06,37.50,
0.00,4.99,1.14,0.06,37.50,
0.00,4.99,1.14,0.06,37.50,
0.00,4.99,1.14,0.06,37.50,
0.00,4.99,1.14,0.06,37.50,
0.00,4.99,1.14,0.06,37.50,
0.00,4.99,1.14,0.06,37.50,
0.00,4.99,1.14,0.06,37.50,
0.00,4.99,1.14,0.06,37.50,
0.00,4.99,1.14,0.06,37.50,
0.00,4.99,1.14,0.06,37.50,
0.00,4.99,1.14,0.06,37.50,
0.00,4.99,1.14,0.06,37.50,
0.00,4.99,1.14,0.06,37.50,
0.00,4.99,1.14,0.06,37.50,
0.00,4.99,1.14,0.06,37.50,
0.00,4.99,1.14,0.06,37.50,
0.00,4.99,1.14,0.06,37.50,
0.00,4.99,1.14,0.06,37.50,
0.00,4.99,1.14,0.06,37.50,
0.00,4.99,1.14,0.06,37.50,
0.00,4.99,1.14,0.06,37.50,
0.00,4.99,1.14,0.06,37.50,
0.00,4.99,1.14,0.06,37.50,
0.00,4.99,1.14,0.06,37.50,
0.00,4.99,1.14,0.06,37.50,
0.00,4.99,1.14,0.06,37.50,
0.00,4.99,1.14,0.06,37.50,
0.00,4.99,1.14,0.06,37.50,
0.00,4.99,1.14,0.06,37.50,
0.00,4.99,1.14,0.06,37.50,
0.00,4.99,1.14,0.06,37.50,
0.00,4.99,1.14,0.06,37.50,
0.00,4.99,1.14,0.06,37.50,
0.00,4.99,1.14,0.06,37.50,
0.00,4.99,1.14,0.06,37.50,
0.00,4.99,1.14,0.06,37.50,
0.00,4.99,1.14,0.06,37.50,
-5.00,4.99,1.14,0.06,37.50,
-5.00,4.99,1.14,0.06,37.50,
-5.00,4.99,1.14,0.06,37.50,
-5.00,4.99,1.14,0.06,37.50,
-5.00,4.99,1.14,0.06,37.50,
0.00,4.99,1.14,0.04,37.50,
0.00,4.99,1.14,0.04,37.50,
0.00,4.99,1.14,0.04,37.50,
0.00,4.99,1.14,0.04,37.50,
0.00,4.99,1.14,0.04,37.50,
0.00,4.99,1.14,0.04,37.50,
0.00,4.99,1.14,0.04,37.50,
0.00,4.99,1.14,0.04,37.50,
0.00,4.99,1.14,0.04,37.50,
0.00,4.99,1.14,0.04,37.50,
0.00,4.99,1.14,0.04,37.50,
0.00,4.99,1.14,0.04,37.50,
0.00,4.99,1.14,0.04,37.50,
0.00,4.99,1.14,0.04,37.50,
0.00,4.99,1.14,0.04,37.50,
0.00,4.99,1.14,0.04,37.50,
0.00,4.99,1.14,0.04,37.50,
0.00,4.99,1.14,0.04,37.50,
5.00,4.99,1.14,0.04,37.50,
0.00,0.07,0.86,0.04,19.35,
0.00,0.07,0.86,0.04,19.35,
5.00,0.07,0.86,0.04,19.35,
5.00,0.07,0.86,0.04,19.35,
5.00,0.07,0.86,0.04,19.35,
5.00,0.07,0.86,0.04,19.35,
5.00,0.07,0.86,0.04,19.35,
5.00,0.07,0.86,0.04,19.35,
5.00,0.07,0.86,0.04,19.35,
5.00,0.07,0.86,0.04,19.35,
5.00,0.07,0.86,0.04,19.35,
0.00,0.17,0.14,0.04,163.64,
0.00,0.17,0.14,0.04,163.64,
0.00,0.17,0.14,0.04,163.64,
0.00,0.17,0.14,0.04,163.64,
0.00,0.17,0.14,0.04,163.64,
0.00,0.17,0.14,0.04,163.64,
0.00,0.17,0.14,0.04,163.64,
0.00,0.17,0.14,0.04,163.64,
0.00,0.17,0.14,0.04,163.64,
0.00,0.17,0.14,0.04,163.64,
0.00,0.17,0.14,0.04,163.64,
0.00,0.17,0.14,0.04,163.64,
0.00,0.17,0.14,0.04,163.64,
0.00,0.17,0.14,0.04,163.64,
0.00,0.17,0.14,0.04,163.64,
0.00,0.17,0.14,0.04,163.64,
0.00,0.17,0.14,0.04,163.64,
0.00,0.17,0.14,0.04,163.64,
0.00,0.17,0.14,0.04,163.64,
0.00,0.17,0.14,0.04,163.64,
0.00,0.17,0.14,0.04,163.64,
0.00,0.17,0.14,0.04,163.64,
0.00,0.17,0.14,0.04,163.64,
0.00,0.17,0.14,0.04,163.64,
0.00,0.17,0.14,0.04,163.64,
0.00,0.17,0.14,0.04,163.64,
0.00,0.17,0.14,0.04,163.64,
0.00,0.17,0.14,0.04,163.64,
0.00,0.17,0.14,0.04,163.64,
0.00,0.17,0.14,0.04,163.64,
0.00,0.17,0.14,0.04,163.64,
0.00,0.17,0.14,0.04,163.64,
0.00,0.17,0.14,0.04,163.64,
0.00,0.17,0.14,0.04,163.64,
0.00,0.17,0.14,0.04,163.64,
0.00,0.17,0.14,0.04,163.64,
0.00,0.17,0.14,0.04,163.64,
0.00,0.17,0.14,0.04,163.64,
0.00,0.17,0.14,0.04,163.64,
0.00,0.17,0.14,0.04,163.64,
0.00,0.17,0.14,0.04,163.64,
0.00,0.17,0.14,0.04,163.64,
0.00,0.17,0.14,0.04,163.64,
0.00,0.17,0.14,0.04,163.64,
0.00,0.17,0.14,0.04,163.64,
0.00,0.17,0.14,0.04,163.64,
0.00,0.17,0.14,0.04,163.64,
0.00,0.17,0.14,0.04,163.64,
0.00,0.17,0.14,0.04,163.64,
0.00,0.17,0.14,0.04,163.64,
0.00,0.17,0.14,0.04,163.64,
0.00,0.17,0.14,0.04,163.64,
0.00,0.17,0.14,0.04,163.64,
0.00,0.17,0.14,0.04,163.64,
0.00,0.17,0.14,0.04,163.64,
0.00,0.17,0.14,0.04,163.64,
0.00,0.17,0.14,0.04,163.64,
0.00,0.17,0.14,0.04,163.64,
0.00,0.17,0.14,0.04,163.64,
0.00,0.17,0.14,0.04,163.64,
0.00,0.17,0.14,0.04,163.64,
0.00,0.17,0.14,0.04,163.64,
0.00,0.17,0.14,0.04,163.64,
0.00,0.17,0.14,0.04,163.64,
0.00,0.17,0.14,0.04,163.64,
0.00,0.17,0.14,0.04,163.64,
0.00,0.17,0.14,0.04,163.64,
0.00,0.17,0.14,0.04,163.64,
0.00,0.17,0.14,0.04,163.64,
0.00,0.17,0.14,0.04,163.64,
0.00,0.17,0.14,0.04,163.64,
0.00,0.17,0.14,0.04,163.64,
0.00,0.17,0.14,0.04,163.64,
0.00,0.17,0.14,0.04,163.64,
0.00,0.17,0.14,0.04,163.64,
0.00,0.17,0.14,0.04,163.64,
0.00,0.17,0.14,0.04,163.64,
0.00,0.17,0.14,0.04,163.64,
0.00,0.17,0.14,0.04,163.64,
0.00,0.17,0.14,0.04,163.64,
0.00,0.17,0.14,0.04,163.64,
0.00,0.17,0.14,0.04,163.64,
0.00,0.17,0.14,0.04,163.64,
0.00,0.17,0.14,0.04,163.64,
0.00,0.17,0.14,0.04,163.64,
0.00,0.17,0.14,0.04,163.64,
0.00,0.17,0.14,0.04,163.64,
0.00,0.17,0.14,0.04,163.64,
0.00,0.17,0.14,0.04,163.64,
0.00,0.17,0.14,0.04,163.64,
0.00,0.17,0.14,0.04,163.64,
0.00,0.17,0.14,0.04,163.64,
0.00,0.17,0.14,0.04,163.64,
0.00,0.17,0.14,0.04,163.64,
0.00,0.17,0.14,0.04,163.64,
0.00,0.17,0.14,0.04,163.64,
0.00,0.17,0.14,0.04,163.64,
0.00,0.17,0.14,0.04,163.64,
0.00,0.17,0.14,0.04,163.64,
0.00,0.17,0.14,0.04,163.64,
0.00,0.17,0.14,0.04,163.64,
0.00,0.17,0.14,0.04,163.64,
0.00,0.17,0.14,0.04,163.64,
0.00,0.17,0.14,0.04,163.64,
0.00,0.17,0.14,0.04,163.64,
0.00,0.17,0.14,0.04,163.64,
0.00,0.17,0.14,0.04,163.64,
0.00,0.17,0.14,0.04,163.64,
0.00,0.17,0.14,0.04,163.64,
0.00,0.17,0.14,0.04,163.64,
0.00,0.17,0.14,0.04,163.64,
0.00,0.17,0.14,0.04,163.64,
0.00,0.17,0.14,0.04,163.64,
0.00,0.17,0.14,0.04,163.64,
0.00,0.17,0.14,0.04,163.64,
0.00,0.17,0.14,0.04,163.64,
0.00,0.17,0.14,0.04,163.64,
0.00,0.17,0.14,0.04,163.64,
0.00,0.17,0.14,0.04,163.64,
0.00,0.17,0.14,0.04,163.64,
0.00,0.17,0.14,0.04,163.64,
0.00,0.17,0.14,0.04,163.64,
0.00,0.17,0.14,0.04,163.64,
0.00,0.17,0.14,0.04,163.64,
0.00,0.17,0.14,0.04,163.64,
0.00,0.17,0.14,0.04,163.64,
0.00,0.17,0.14,0.04,163.64,
0.00,0.17,0.14,0.04,163.64,
0.00,0.17,0.14,0.04,163.64,
0.00,0.17,0.14,0.04,163.64,
0.00,0.17,0.14,0.04,163.64,
0.00,0.17,0.14,0.04,163.64,
0.00,0.17,0.14,0.04,163.64,
0.00,0.17,0.14,0.04,163.64,
0.00,0.17,0.14,0.04,163.64,
0.00,0.17,0.14,0.04,163.64,
0.00,0.17,0.14,0.04,163.64,
0.00,0.17,0.14,0.04,163.64,
0.00,0.17,0.14,0.04,163.64,
0.00,0.17,0.14,0.04,163.64,
0.00,0.17,0.14,0.04,163.64,
0.00,0.17,0.14,0.04,163.64,
0.00,0.17,0.14,0.04,163.64,
0.00,0.17,0.14,0.04,163.64,
0.00,0.17,0.14,0.04,163.64,
0.00,0.17,0.14,0.04,163.64,
0.00,0.17,0.14,0.04,163.64,
0.00,0.17,0.14,0.04,163.64,
0.00,0.17,0.14,0.04,163.64,
0.00,0.17,0.14,0.04,163.64,
0.00,0.17,0.14,0.04,163.64,
0.00,0.17,0.14,0.04,163.64,
0.00,0.17,0.14,0.04,163.64,
0.00,0.17,0.14,0.04,163.64,
0.00,0.17,0.14,0.04,163.64,
0.00,0.17,0.14,0.04,163.64,
0.00,0.17,0.14,0.04,163.64,
0.00,0.17,0.14,0.04,163.64,
0.00,0.17,0.14,0.04,163.64,
0.00,0.17,0.14,0.04,163.64,
0.00,0.17,0.14,0.04,163.64,
0.00,0.17,0.14,0.04,163.64,
0.00,0.17,0.14,0.04,163.64,
0.00,0.17,0.14,0.04,163.64,
0.00,0.17,0.14,0.04,163.64,
0.00,0.17,0.14,0.04,163.64,
0.00,0.17,0.14,0.04,163.64,
0.00,0.17,0.14,0.04,163.64,
0.00,0.17,0.14,0.04,163.64,
0.00,0.17,0.14,0.04,163.64,
0.00,0.17,0.14,0.04,163.64,
0.00,0.17,0.14,0.04,163.64,
0.00,0.17,0.14,0.04,163.64,
0.00,0.17,0.14,0.04,163.64,
0.00,0.17,0.14,0.04,163.64,
0.00,0.17,0.14,0.04,163.64,
0.00,0.17,0.14,0.04,163.64,
0.00,0.17,0.14,0.04,163.64,
0.00,0.17,0.14,0.04,163.64,
0.00,0.17,0.14,0.04,163.64,
0.00,0.17,0.14,0.04,163.64,
0.00,0.17,0.14,0.04,163.64,
0.00,0.17,0.14,0.04,163.64,
0.00,0.17,0.14,0.04,163.64,
0.00,0.17,0.14,0.04,163.64,
0.00,0.17,0.14,0.04,163.64,
0.00,0.17,0.14,0.04,163.64,
0.00,0.17,0.14,0.04,163.64,
0.00,0.17,0.14,0.04,163.64,
0.00,0.17,0.14,0.04,163.64,
0.00,0.17,0.14,0.04,163.64,
0.00,0.17,0.14,0.04,163.64,
0.00,0.17,0.14,0.04,163.64,
0.00,0.17,0.14,0.04,163.64,
0.00,0.17,0.14,0.04,163.64,
0.00,0.17,0.14,0.04,163.64,
0.00,0.17,0.14,0.04,163.64,
0.00,0.17,0.14,0.04,163.64,
0.00,0.17,0.14,0.04,163.64,
0.00,0.17,0.14,0.04,163.64,
0.00,0.17,0.14,0.04,163.64,
0.00,0.17,0.14,0.04,163.64,
0.00,0.17,0.14,0.04,163.64,
0.00,0.17,0.14,0.04,163.64,
0.00,0.17,0.14,0.04,163.64,
0.00,0.17,0.14,0.04,163.64,
0.00,0.17,0.14,0.04,163.64,
0.00,0.17,0.14,0.04,163.64,
0.00,0.17,0.14,0.04,163.64,
0.00,0.17,0.14,0.04,163.64,
0.00,0.17,0.14,0.04,163.64,
0.00,0.17,0.14,0.04,163.64,
0.00,0.17,0.14,0.04,163.64,
0.00,0.17,0.14,0.04,163.64,
0.00,0.17,0.14,0.04,163.64,
0.00,0.17,0.14,0.04,163.64,
0.00,0.17,0.14,0.04,163.64,
0.00,0.17,0.14,0.04,163.64,
0.00,0.17,0.14,0.04,163.64,
0.00,0.17,0.14,0.04,163.64,
0.00,0.17,0.14,0.04,163.64,
0.00,0.17,0.14,0.04,163.64,
0.00,0.17,0.14,0.04,163.64,
0.00,0.17,0.14,0.04,163.64,
0.00,0.17,0.14,0.04,163.64,
0.00,0.17,0.14,0.04,163.64,
0.00,0.17,0.14,0.04,163.64,
0.00,0.17,0.14,0.04,163.64,
0.00,0.17,0.14,0.04,163.64,
0.00,0.17,0.14,0.04,163.64,
0.00,0.17,0.14,0.04,163.64,
0.00,0.17,0.14,0.04,163.64,